Window,Watering,Drainage,Light,Soil_Moisture,Root_Rot,Fungus_Gnats,Leaf_Color
North,Daily,Good,Low,Soggy,Yes,Yes,Yellow
East,Rare,Good,Low,Dry,No,No,Yellow
East,Daily,Poor,Bright,Soggy,No,Yes,Green
North,Weekly,Good,Low,Moist,Yes,Yes,Green
North,Weekly,Good,Low,Dry,No,No,Yellow
South,Weekly,Good,Bright,Moist,No,No,Green
North,Rare,Good,Low,Dry,No,No,Yellow
North,Weekly,Good,Low,Dry,No,No,Green
South,Daily,Good,Bright,Moist,No,No,Green
East,Rare,Good,Bright,Moist,Yes,Yes,Green
North,Weekly,Good,Low,Dry,No,No,Green
East,Weekly,Good,Low,Dry,No,No,Green
East,Daily,Poor,Low,Soggy,Yes,No,Brown
North,Rare,Good,Low,Dry,No,No,Green
North,Weekly,Good,Low,Moist,No,No,Green
South,Rare,Good,Bright,Dry,Yes,Yes,Green
East,Weekly,Good,Bright,Moist,No,No,Green
East,Daily,Poor,Bright,Moist,No,No,Green
South,Rare,Good,Bright,Dry,No,No,Yellow
East,Weekly,Poor,Low,Moist,No,No,Green
South,Daily,Good,Bright,Moist,No,No,Green
North,Weekly,Good,Low,Moist,No,No,Green
East,Daily,Good,Low,Moist,No,No,Yellow
East,Rare,Good,Bright,Dry,No,No,Green
North,Rare,Good,Low,Dry,No,No,Yellow
East,Rare,Good,Bright,Moist,Yes,Yes,Green
North,Weekly,Poor,Low,Moist,Yes,Yes,Yellow
South,Weekly,Good,Low,Dry,No,No,Green
South,Rare,Good,Bright,Dry,No,No,Green
North,Weekly,Good,Bright,Dry,No,No,Green
East,Rare,Good,Low,Dry,No,No,Green
North,Daily,Good,Low,Soggy,No,Yes,Yellow
North,Weekly,Good,Bright,Moist,No,No,Yellow
South,Rare,Good,Bright,Dry,No,No,Green
East,Daily,Good,Bright,Moist,No,No,Green
North,Weekly,Good,Low,Moist,No,No,Green
East,Daily,Good,Bright,Moist,No,No,Green
North,Weekly,Poor,Low,Moist,No,No,Green
South,Daily,Poor,Low,Soggy,No,No,Green
North,Weekly,Poor,Low,Moist,No,No,Green
North,Daily,Good,Low,Moist,No,No,Yellow
North,Rare,Good,Low,Dry,No,No,Brown
North,Weekly,Poor,Bright,Moist,No,No,Green
East,Rare,Good,Low,Soggy,Yes,Yes,Brown
South,Daily,Good,Low,Soggy,No,Yes,Green
East,Rare,Poor,Low,Moist,No,No,Green
North,Weekly,Good,Low,Moist,No,Yes,Green
North,Weekly,Good,Bright,Moist,No,No,Green
North,Rare,Poor,Low,Dry,No,No,Green
South,Daily,Good,Bright,Moist,No,No,Green
East,Daily,Good,Low,Soggy,No,No,Brown
East,Weekly,Good,Low,Dry,No,No,Green
North,Weekly,Poor,Low,Dry,No,No,Yellow
North,Rare,Poor,Low,Dry,No,No,Green
South,Rare,Good,Bright,Dry,No,No,Green
East,Weekly,Good,Low,Moist,No,Yes,Yellow
North,Weekly,Poor,Low,Dry,No,No,Green
North,Daily,Poor,Low,Moist,No,Yes,Yellow
North,Rare,Good,Low,Dry,No,No,Green
North,Daily,Poor,Low,Soggy,No,Yes,Yellow
North,Weekly,Poor,Bright,Moist,No,Yes,Green
South,Rare,Good,Bright,Dry,No,No,Green
East,Rare,Good,Low,Moist,No,No,Green
North,Rare,Good,Low,Dry,No,No,Green
East,Daily,Poor,Low,Moist,No,No,Yellow
North,Rare,Poor,Low,Moist,No,No,Green
North,Rare,Poor,Low,Dry,No,Yes,Yellow
East,Weekly,Poor,Low,Moist,No,No,Green
South,Weekly,Poor,Bright,Moist,No,Yes,Green
North,Daily,Poor,Low,Soggy,Yes,No,Green
South,Weekly,Good,Low,Moist,No,No,Yellow
North,Daily,Poor,Low,Soggy,Yes,No,Yellow
North,Weekly,Good,Low,Moist,No,Yes,Green
North,Weekly,Poor,Low,Moist,No,No,Green
North,Weekly,Poor,Bright,Moist,No,Yes,Green
East,Weekly,Poor,Bright,Moist,No,No,Yellow
East,Daily,Good,Bright,Dry,No,No,Green
South,Rare,Good,Low,Dry,No,No,Yellow
North,Rare,Good,Low,Dry,No,No,Green
North,Daily,Poor,Low,Moist,No,No,Green
North,Weekly,Poor,Bright,Soggy,No,No,Green
South,Weekly,Good,Bright,Moist,No,No,Green
South,Weekly,Poor,Bright,Soggy,No,Yes,Green
North,Weekly,Good,Low,Dry,No,No,Yellow
East,Daily,Good,Bright,Moist,No,No,Green
North,Rare,Poor,Low,Moist,No,Yes,Brown
East,Daily,Good,Bright,Moist,No,Yes,Green
North,Weekly,Good,Bright,Moist,No,No,Green
North,Weekly,Good,Low,Moist,No,Yes,Green
East,Weekly,Poor,Low,Dry,No,No,Green
North,Daily,Good,Bright,Soggy,No,No,Green
South,Weekly,Good,Bright,Moist,No,Yes,Green
East,Daily,Good,Bright,Moist,No,No,Green
East,Daily,Good,Low,Moist,Yes,No,Yellow
East,Weekly,Poor,Low,Moist,No,Yes,Brown
East,Daily,Good,Low,Soggy,No,No,Green
South,Daily,Good,Bright,Soggy,No,No,Green
South,Rare,Good,Bright,Dry,No,No,Green
North,Weekly,Poor,Low,Moist,No,No,Green
East,Daily,Poor,Low,Soggy,Yes,Yes,Brown
North,Daily,Good,Low,Moist,No,No,Brown
East,Daily,Poor,Bright,Soggy,No,Yes,Yellow
South,Weekly,Poor,Bright,Moist,No,No,Green
South,Weekly,Good,Bright,Moist,Yes,Yes,Yellow
South,Daily,Good,Low,Soggy,Yes,No,Yellow
North,Weekly,Good,Low,Moist,No,Yes,Brown
North,Weekly,Good,Bright,Moist,No,No,Green
North,Rare,Good,Low,Moist,No,No,Green
South,Weekly,Good,Bright,Moist,No,No,Green
North,Weekly,Poor,Low,Moist,No,No,Green
North,Rare,Poor,Bright,Moist,No,No,Yellow
North,Rare,Good,Low,Dry,No,No,Green
North,Daily,Good,Bright,Soggy,Yes,Yes,Brown
South,Daily,Good,Bright,Soggy,No,No,Green
East,Rare,Good,Low,Dry,No,No,Green
North,Weekly,Good,Low,Moist,Yes,No,Brown
East,Weekly,Good,Low,Moist,No,No,Green
North,Rare,Good,Low,Dry,No,No,Brown
East,Rare,Good,Bright,Dry,No,No,Green
North,Daily,Poor,Low,Soggy,Yes,Yes,Yellow
North,Weekly,Good,Low,Moist,No,No,Green
North,Daily,Poor,Low,Soggy,Yes,No,Yellow
East,Weekly,Poor,Bright,Moist,No,No,Green
East,Weekly,Good,Bright,Dry,No,No,Green
North,Weekly,Poor,Low,Moist,No,No,Green
East,Weekly,Good,Low,Moist,No,No,Green
North,Weekly,Good,Low,Moist,No,No,Green
North,Weekly,Poor,Low,Moist,No,Yes,Yellow
North,Weekly,Good,Low,Moist,Yes,No,Brown
North,Daily,Poor,Bright,Moist,No,No,Green
South,Weekly,Good,Low,Soggy,No,Yes,Green
North,Rare,Good,Low,Dry,No,No,Brown
North,Daily,Good,Low,Soggy,Yes,Yes,Yellow
East,Weekly,Good,Low,Moist,No,No,Yellow
South,Rare,Good,Bright,Dry,No,No,Green
South,Daily,Poor,Bright,Dry,No,No,Green
East,Weekly,Good,Bright,Moist,No,No,Green
North,Weekly,Poor,Low,Moist,No,No,Green
South,Weekly,Good,Bright,Moist,No,No,Green
East,Weekly,Good,Low,Moist,Yes,No,Brown
North,Weekly,Good,Low,Moist,No,No,Green
East,Weekly,Good,Low,Dry,No,No,Green
North,Rare,Poor,Low,Moist,Yes,Yes,Yellow
South,Daily,Poor,Bright,Soggy,Yes,Yes,Yellow
East,Weekly,Good,Bright,Moist,No,No,Green
South,Weekly,Good,Bright,Soggy,Yes,No,Brown
South,Daily,Good,Bright,Moist,No,No,Yellow
North,Weekly,Good,Low,Moist,No,No,Yellow
South,Rare,Poor,Bright,Dry,No,Yes,Green
North,Weekly,Good,Low,Moist,No,No,Green
North,Rare,Poor,Low,Dry,No,No,Green
North,Weekly,Good,Low,Moist,No,No,Green
East,Weekly,Good,Low,Moist,No,Yes,Yellow
North,Weekly,Good,Low,Moist,No,Yes,Brown
East,Weekly,Good,Low,Moist,No,No,Green
East,Weekly,Good,Bright,Moist,No,No,Green
North,Weekly,Good,Bright,Moist,No,Yes,Green
East,Weekly,Good,Bright,Moist,No,Yes,Green
North,Weekly,Poor,Low,Soggy,Yes,Yes,Brown
East,Rare,Good,Bright,Dry,No,No,Green
North,Weekly,Good,Low,Moist,No,No,Yellow
South,Rare,Good,Bright,Moist,No,No,Green
East,Weekly,Good,Bright,Dry,No,No,Green
East,Weekly,Good,Low,Dry,No,No,Green
East,Rare,Good,Bright,Dry,No,No,Yellow
East,Daily,Good,Bright,Dry,No,No,Green
North,Weekly,Good,Low,Moist,No,No,Yellow
South,Rare,Good,Low,Dry,No,No,Green
North,Weekly,Good,Low,Moist,No,No,Green
North,Rare,Good,Low,Dry,No,No,Yellow
East,Rare,Poor,Low,Dry,No,No,Green
North,Weekly,Good,Low,Moist,No,No,Green
North,Weekly,Poor,Low,Moist,No,No,Yellow
South,Rare,Good,Bright,Dry,No,No,Green
South,Weekly,Good,Bright,Moist,No,No,Green
East,Rare,Good,Bright,Soggy,No,Yes,Green
South,Weekly,Poor,Bright,Moist,No,No,Green
South,Daily,Good,Bright,Soggy,No,No,Green
North,Weekly,Good,Low,Moist,No,Yes,Yellow
East,Weekly,Good,Low,Moist,No,Yes,Green
North,Rare,Poor,Bright,Dry,No,No,Green
East,Rare,Good,Bright,Dry,No,No,Green
North,Weekly,Good,Low,Soggy,No,Yes,Yellow
North,Rare,Good,Low,Dry,Yes,No,Brown
South,Weekly,Good,Bright,Dry,No,No,Green
East,Weekly,Poor,Low,Dry,No,No,Yellow
East,Weekly,Good,Low,Moist,No,Yes,Yellow
East,Rare,Good,Bright,Dry,No,No,Yellow
South,Weekly,Good,Bright,Dry,No,No,Green
East,Daily,Poor,Low,Soggy,No,Yes,Yellow
East,Rare,Good,Bright,Dry,No,No,Green
North,Weekly,Good,Low,Moist,No,No,Yellow
East,Weekly,Good,Bright,Moist,No,Yes,Green
South,Rare,Poor,Bright,Dry,No,Yes,Brown
East,Daily,Good,Low,Soggy,No,No,Yellow
South,Rare,Good,Bright,Dry,No,No,Green
East,Rare,Poor,Bright,Dry,No,No,Green
South,Weekly,Good,Bright,Dry,No,No,Green
North,Weekly,Poor,Low,Moist,No,Yes,Brown
South,Weekly,Good,Bright,Moist,No,No,Green
North,Weekly,Good,Bright,Soggy,Yes,Yes,Brown
North,Daily,Poor,Low,Soggy,No,No,Green
East,Daily,Good,Bright,Moist,Yes,No,Brown
East,Weekly,Poor,Bright,Dry,No,No,Green
East,Daily,Good,Bright,Moist,No,No,Green
South,Daily,Good,Low,Moist,No,No,Green
North,Rare,Good,Bright,Dry,No,No,Green
East,Rare,Poor,Bright,Dry,No,Yes,Brown
East,Rare,Good,Bright,Dry,No,No,Green
East,Rare,Good,Low,Dry,No,No,Green
East,Daily,Good,Low,Moist,No,Yes,Green
North,Weekly,Good,Low,Soggy,No,No,Yellow
East,Rare,Good,Low,Dry,No,No,Yellow
South,Weekly,Poor,Bright,Moist,Yes,Yes,Yellow
North,Weekly,Good,Bright,Moist,No,No,Green
North,Rare,Poor,Low,Dry,No,No,Yellow
North,Weekly,Poor,Bright,Moist,No,No,Green
East,Daily,Good,Bright,Soggy,Yes,Yes,Yellow
South,Weekly,Good,Low,Dry,No,No,Yellow
North,Daily,Good,Low,Soggy,Yes,Yes,Yellow
South,Weekly,Poor,Low,Soggy,Yes,Yes,Yellow
East,Daily,Poor,Bright,Soggy,Yes,Yes,Brown
North,Weekly,Poor,Low,Soggy,No,Yes,Green
East,Weekly,Good,Low,Dry,No,No,Green
North,Weekly,Poor,Bright,Soggy,Yes,Yes,Green
East,Weekly,Good,Bright,Moist,No,Yes,Green
East,Rare,Poor,Bright,Dry,No,No,Green
North,Weekly,Poor,Low,Moist,Yes,Yes,Yellow
North,Daily,Good,Bright,Soggy,Yes,Yes,Green
South,Weekly,Good,Low,Moist,No,No,Green
South,Weekly,Poor,Bright,Moist,No,No,Green
East,Weekly,Poor,Low,Moist,No,No,Yellow
East,Weekly,Poor,Low,Moist,Yes,No,Brown
East,Weekly,Poor,Bright,Dry,No,No,Green
South,Rare,Good,Bright,Dry,No,No,Green
North,Daily,Good,Low,Moist,No,Yes,Green
North,Rare,Good,Low,Moist,No,No,Green
North,Daily,Poor,Low,Soggy,Yes,No,Brown
East,Daily,Good,Bright,Moist,Yes,No,Green
North,Rare,Good,Low,Dry,No,No,Yellow
North,Rare,Poor,Low,Dry,No,No,Green
North,Weekly,Good,Bright,Moist,Yes,Yes,Yellow
North,Weekly,Good,Low,Moist,No,No,Brown
East,Rare,Poor,Low,Dry,No,No,Green
East,Weekly,Good,Bright,Moist,No,No,Green
North,Rare,Poor,Low,Dry,No,No,Green
North,Weekly,Good,Low,Moist,No,Yes,Yellow
East,Weekly,Good,Low,Moist,No,No,Green
South,Daily,Poor,Bright,Soggy,No,Yes,Green
South,Weekly,Poor,Bright,Moist,No,Yes,Yellow
North,Rare,Good,Low,Dry,No,No,Yellow
South,Daily,Good,Bright,Soggy,No,Yes,Green
South,Weekly,Poor,Bright,Moist,Yes,Yes,Yellow
East,Rare,Good,Bright,Dry,No,No,Green
East,Rare,Poor,Bright,Dry,No,No,Yellow
North,Weekly,Good,Low,Dry,No,No,Yellow
North,Rare,Poor,Low,Dry,No,No,Green
East,Weekly,Good,Low,Moist,No,No,Yellow
North,Weekly,Good,Low,Moist,No,No,Yellow
East,Daily,Good,Low,Soggy,No,Yes,Green
South,Daily,Poor,Bright,Moist,No,No,Yellow
South,Weekly,Poor,Bright,Moist,No,No,Green
East,Rare,Poor,Bright,Dry,No,No,Green
North,Daily,Good,Low,Soggy,No,No,Yellow
South,Weekly,Poor,Bright,Moist,No,Yes,Green
South,Daily,Good,Bright,Moist,No,No,Green
South,Rare,Poor,Bright,Dry,No,No,Yellow
East,Rare,Poor,Bright,Dry,No,No,Green
East,Rare,Poor,Low,Dry,No,No,Yellow
North,Daily,Poor,Low,Soggy,Yes,Yes,Brown
North,Daily,Poor,Low,Soggy,Yes,Yes,Yellow
North,Weekly,Good,Low,Moist,No,Yes,Green
East,Weekly,Good,Bright,Moist,Yes,Yes,Yellow
North,Rare,Poor,Low,Dry,No,No,Green
East,Daily,Poor,Bright,Soggy,No,No,Green
East,Rare,Good,Bright,Dry,No,No,Green
East,Daily,Good,Low,Moist,No,No,Yellow
South,Weekly,Poor,Bright,Moist,No,No,Green
North,Weekly,Good,Low,Dry,No,No,Green
East,Weekly,Poor,Bright,Moist,No,Yes,Yellow
North,Rare,Good,Low,Dry,No,No,Green
South,Rare,Poor,Bright,Moist,No,Yes,Green
East,Daily,Poor,Bright,Moist,No,No,Green
North,Weekly,Good,Low,Moist,No,No,Green
North,Weekly,Poor,Low,Moist,No,Yes,Green
East,Weekly,Good,Bright,Moist,Yes,Yes,Yellow
North,Weekly,Good,Low,Moist,No,No,Yellow
North,Daily,Good,Low,Moist,No,No,Green
North,Weekly,Good,Low,Moist,No,No,Green
North,Weekly,Good,Low,Moist,No,No,Green
East,Weekly,Poor,Low,Dry,No,No,Yellow
East,Daily,Poor,Low,Soggy,No,Yes,Brown
South,Rare,Poor,Bright,Moist,No,No,Brown
South,Weekly,Poor,Bright,Moist,No,No,Green
South,Rare,Good,Bright,Moist,No,No,Green
South,Rare,Poor,Bright,Dry,No,No,Green
East,Rare,Poor,Bright,Dry,No,No,Green
East,Daily,Good,Bright,Moist,No,No,Green
North,Weekly,Poor,Low,Moist,Yes,No,Green
North,Weekly,Good,Bright,Moist,No,No,Green
North,Weekly,Poor,Low,Dry,No,No,Yellow
South,Weekly,Poor,Low,Soggy,Yes,No,Green
North,Weekly,Good,Low,Soggy,Yes,Yes,Yellow
North,Daily,Good,Bright,Soggy,No,Yes,Green
East,Rare,Good,Bright,Dry,No,No,Green
East,Rare,Good,Low,Dry,No,No,Green
East,Rare,Good,Low,Dry,No,No,Green
North,Weekly,Poor,Low,Moist,No,Yes,Green
East,Weekly,Poor,Bright,Moist,No,No,Yellow
North,Weekly,Good,Low,Dry,No,No,Green
North,Daily,Good,Low,Moist,No,No,Green
East,Daily,Good,Low,Moist,No,No,Green
East,Rare,Good,Bright,Dry,No,No,Green
South,Weekly,Good,Bright,Soggy,No,Yes,Yellow
East,Weekly,Good,Bright,Moist,No,No,Green
South,Daily,Poor,Bright,Soggy,No,Yes,Green
North,Weekly,Good,Low,Moist,No,No,Yellow
North,Rare,Good,Low,Dry,No,No,Green
East,Rare,Good,Bright,Dry,No,No,Green
North,Weekly,Good,Low,Moist,No,Yes,Yellow
North,Weekly,Good,Low,Moist,No,Yes,Yellow
North,Rare,Good,Low,Dry,No,No,Green
North,Weekly,Poor,Bright,Soggy,Yes,Yes,Green
North,Weekly,Good,Low,Moist,Yes,No,Brown
East,Daily,Good,Bright,Moist,No,No,Green
South,Weekly,Poor,Bright,Moist,No,No,Green
North,Daily,Good,Bright,Soggy,Yes,Yes,Yellow
North,Weekly,Poor,Low,Moist,No,No,Yellow
East,Weekly,Good,Low,Moist,No,No,Green
North,Daily,Good,Low,Dry,No,No,Brown
North,Weekly,Good,Bright,Moist,No,No,Green
North,Weekly,Poor,Low,Moist,No,No,Green
North,Rare,Good,Bright,Dry,No,No,Green
North,Rare,Poor,Low,Moist,No,No,Green
East,Weekly,Good,Low,Moist,No,No,Green
East,Rare,Poor,Bright,Dry,No,No,Green
East,Weekly,Good,Low,Moist,Yes,Yes,Brown
South,Daily,Good,Low,Moist,No,No,Green
North,Rare,Poor,Low,Dry,No,No,Green
East,Rare,Poor,Bright,Moist,No,No,Green
East,Weekly,Good,Bright,Dry,No,No,Green
North,Weekly,Good,Low,Moist,No,No,Green
South,Rare,Poor,Bright,Moist,No,No,Green
East,Daily,Good,Low,Moist,Yes,No,Brown
South,Daily,Good,Bright,Moist,No,No,Green
South,Weekly,Poor,Bright,Moist,No,No,Green
South,Daily,Good,Bright,Soggy,Yes,Yes,Yellow
North,Daily,Poor,Low,Soggy,Yes,No,Yellow
North,Daily,Good,Low,Soggy,No,Yes,Green
North,Rare,Good,Bright,Moist,No,Yes,Green
East,Daily,Good,Bright,Moist,Yes,No,Brown
East,Weekly,Poor,Bright,Soggy,Yes,Yes,Green
East,Daily,Good,Bright,Soggy,No,Yes,Green
East,Daily,Good,Bright,Soggy,Yes,Yes,Yellow
South,Weekly,Poor,Bright,Dry,No,No,Green
North,Weekly,Good,Low,Moist,No,No,Green
East,Rare,Good,Bright,Dry,Yes,No,Yellow
North,Weekly,Poor,Low,Moist,No,Yes,Green
North,Rare,Good,Bright,Dry,No,No,Green
East,Weekly,Good,Low,Moist,No,No,Green
East,Daily,Good,Bright,Dry,No,No,Green
East,Weekly,Good,Bright,Moist,Yes,No,Yellow
North,Daily,Good,Low,Soggy,Yes,Yes,Green
South,Rare,Good,Bright,Dry,No,No,Green
North,Weekly,Poor,Bright,Moist,No,No,Green
North,Rare,Poor,Low,Dry,No,No,Green
North,Weekly,Good,Low,Moist,No,No,Yellow
North,Daily,Poor,Low,Moist,No,No,Brown
South,Daily,Good,Bright,Moist,No,Yes,Green
North,Daily,Poor,Low,Soggy,No,No,Yellow
South,Rare,Poor,Bright,Moist,No,Yes,Green
North,Weekly,Poor,Bright,Soggy,Yes,Yes,Brown
North,Weekly,Poor,Low,Soggy,Yes,No,Green
East,Weekly,Poor,Low,Moist,No,Yes,Yellow
North,Rare,Poor,Bright,Dry,No,No,Green
North,Weekly,Good,Low,Moist,No,No,Green
North,Weekly,Poor,Low,Moist,No,No,Brown
North,Rare,Good,Low,Dry,No,No,Green
North,Weekly,Good,Low,Moist,No,No,Green
North,Daily,Good,Low,Moist,Yes,No,Green
South,Weekly,Good,Bright,Dry,No,No,Yellow
North,Weekly,Good,Low,Dry,No,No,Green
North,Rare,Good,Low,Dry,No,No,Green
East,Weekly,Poor,Low,Soggy,No,Yes,Yellow
South,Weekly,Good,Bright,Moist,No,No,Green
North,Weekly,Good,Low,Moist,No,No,Green
North,Weekly,Good,Bright,Soggy,No,Yes,Green
East,Weekly,Good,Bright,Moist,No,No,Green
South,Daily,Poor,Bright,Dry,No,No,Green
East,Daily,Good,Low,Moist,No,No,Green
North,Weekly,Poor,Low,Moist,No,No,Green
North,Weekly,Good,Low,Moist,No,No,Yellow
South,Weekly,Poor,Bright,Moist,No,Yes,Green
East,Weekly,Good,Bright,Dry,No,No,Yellow
South,Rare,Good,Bright,Dry,No,No,Green
South,Weekly,Good,Bright,Moist,Yes,No,Yellow
East,Rare,Poor,Low,Dry,No,No,Yellow
North,Weekly,Good,Low,Moist,No,Yes,Green
South,Weekly,Poor,Low,Moist,No,No,Green
East,Rare,Good,Low,Dry,No,No,Yellow
East,Weekly,Good,Low,Dry,No,No,Green
East,Weekly,Good,Low,Soggy,Yes,Yes,Brown
North,Rare,Good,Low,Moist,No,No,Yellow
North,Daily,Good,Low,Moist,No,No,Yellow
East,Daily,Good,Low,Moist,No,No,Green
East,Rare,Good,Low,Dry,No,No,Yellow
East,Weekly,Good,Bright,Moist,No,No,Green
South,Weekly,Good,Bright,Moist,No,No,Green
South,Daily,Good,Bright,Moist,No,No,Green
North,Daily,Good,Bright,Moist,No,No,Green
North,Weekly,Good,Bright,Moist,No,No,Green
South,Weekly,Good,Bright,Moist,No,No,Yellow
North,Weekly,Good,Bright,Moist,No,No,Yellow
South,Weekly,Good,Bright,Moist,No,No,Green
North,Daily,Poor,Low,Soggy,No,Yes,Yellow
East,Weekly,Poor,Low,Moist,No,No,Yellow
East,Rare,Good,Bright,Dry,No,No,Green
South,Daily,Poor,Bright,Moist,No,No,Green
South,Rare,Poor,Bright,Dry,No,No,Green
North,Weekly,Good,Bright,Dry,No,No,Yellow
East,Weekly,Good,Bright,Moist,No,No,Green
East,Weekly,Poor,Low,Moist,No,No,Brown
North,Daily,Good,Low,Moist,No,No,Green
South,Rare,Good,Bright,Moist,No,No,Green
East,Rare,Poor,Low,Dry,No,No,Green
South,Daily,Good,Low,Moist,No,Yes,Green
North,Rare,Poor,Low,Dry,No,No,Green
East,Weekly,Good,Bright,Moist,No,No,Green
North,Rare,Good,Low,Dry,No,No,Yellow
East,Weekly,Good,Low,Moist,No,Yes,Green
East,Weekly,Good,Bright,Moist,No,No,Yellow
East,Daily,Good,Low,Soggy,Yes,Yes,Yellow
North,Rare,Good,Low,Dry,No,No,Green
East,Rare,Poor,Bright,Dry,No,No,Green
North,Weekly,Good,Low,Moist,No,No,Brown
South,Daily,Good,Bright,Soggy,Yes,Yes,Yellow
East,Rare,Good,Bright,Moist,No,No,Green
East,Weekly,Poor,Bright,Soggy,No,No,Green
North,Weekly,Poor,Low,Soggy,No,Yes,Yellow
North,Weekly,Poor,Low,Soggy,No,No,Yellow
South,Weekly,Good,Bright,Moist,No,No,Green
North,Weekly,Good,Low,Dry,No,No,Green
South,Daily,Good,Bright,Soggy,Yes,Yes,Yellow
East,Rare,Good,Low,Dry,No,No,Yellow
South,Daily,Poor,Bright,Soggy,No,No,Green
North,Daily,Good,Low,Soggy,Yes,Yes,Brown
South,Daily,Poor,Bright,Soggy,Yes,Yes,Yellow
South,Weekly,Good,Bright,Moist,No,No,Green
East,Daily,Poor,Low,Soggy,Yes,Yes,Yellow
East,Rare,Good,Low,Dry,No,No,Yellow
East,Weekly,Good,Low,Moist,No,No,Green
East,Weekly,Good,Low,Moist,Yes,No,Green
East,Rare,Good,Low,Dry,No,No,Yellow
North,Daily,Good,Low,Soggy,Yes,Yes,Brown
North,Rare,Good,Low,Dry,No,No,Green
East,Weekly,Poor,Low,Soggy,Yes,No,Yellow
East,Rare,Good,Bright,Dry,No,No,Green
South,Weekly,Good,Bright,Moist,No,No,Green
North,Daily,Poor,Low,Moist,No,No,Yellow
South,Weekly,Good,Bright,Moist,No,No,Green
South,Weekly,Good,Low,Moist,No,No,Brown
South,Weekly,Good,Bright,Moist,No,No,Green
South,Rare,Good,Bright,Moist,No,No,Green
North,Weekly,Good,Low,Moist,No,No,Brown
North,Daily,Good,Low,Soggy,Yes,Yes,Brown
North,Rare,Good,Bright,Dry,No,No,Green
North,Weekly,Poor,Low,Moist,No,No,Green
North,Weekly,Good,Bright,Dry,No,Yes,Green
North,Rare,Good,Low,Dry,No,No,Green
North,Daily,Good,Low,Soggy,Yes,Yes,Brown
South,Weekly,Good,Bright,Moist,No,No,Green
North,Weekly,Good,Low,Dry,No,No,Green
East,Weekly,Good,Low,Dry,No,No,Yellow
East,Weekly,Good,Bright,Soggy,No,No,Green
East,Weekly,Good,Bright,Moist,No,No,Green
South,Rare,Good,Low,Dry,No,No,Brown
North,Rare,Poor,Low,Dry,No,No,Green
East,Rare,Poor,Low,Dry,No,No,Yellow
North,Rare,Poor,Low,Moist,No,No,Yellow
North,Daily,Poor,Low,Soggy,Yes,Yes,Yellow
North,Weekly,Poor,Bright,Moist,No,No,Green
North,Weekly,Good,Low,Dry,No,No,Brown
North,Weekly,Good,Low,Moist,No,No,Brown
East,Daily,Good,Bright,Soggy,Yes,Yes,Green
North,Rare,Good,Low,Dry,No,No,Yellow
North,Weekly,Good,Bright,Moist,Yes,No,Yellow
South,Weekly,Good,Bright,Moist,No,No,Green
North,Rare,Good,Low,Moist,No,No,Green
North,Weekly,Good,Low,Dry,No,No,Yellow
North,Daily,Good,Low,Moist,No,Yes,Green
South,Weekly,Good,Bright,Moist,No,No,Yellow
East,Weekly,Good,Bright,Soggy,Yes,Yes,Green
East,Weekly,Good,Bright,Moist,No,No,Green
South,Rare,Good,Bright,Dry,No,No,Yellow
North,Daily,Good,Low,Soggy,Yes,Yes,Yellow
South,Daily,Good,Low,Soggy,Yes,No,Brown
North,Daily,Good,Low,Moist,No,No,Yellow
East,Weekly,Poor,Low,Moist,No,Yes,Green
East,Weekly,Poor,Low,Dry,No,No,Green
South,Weekly,Poor,Low,Moist,No,Yes,Green
North,Daily,Good,Low,Moist,No,No,Green
East,Weekly,Poor,Low,Moist,Yes,Yes,Green
North,Weekly,Good,Low,Soggy,No,Yes,Yellow
North,Weekly,Poor,Low,Moist,No,No,Brown
South,Weekly,Poor,Bright,Soggy,No,Yes,Yellow
South,Weekly,Good,Bright,Dry,No,No,Green
East,Daily,Poor,Low,Moist,No,No,Green
South,Weekly,Good,Bright,Soggy,Yes,Yes,Yellow
South,Daily,Good,Bright,Dry,No,No,Green
North,Weekly,Poor,Low,Moist,No,No,Yellow
South,Weekly,Poor,Bright,Soggy,Yes,No,Yellow
East,Daily,Good,Bright,Moist,No,No,Green
North,Weekly,Poor,Bright,Moist,No,No,Green
East,Weekly,Good,Low,Dry,No,No,Green
East,Weekly,Good,Bright,Dry,No,Yes,Green
East,Rare,Poor,Bright,Dry,Yes,No,Yellow
East,Rare,Poor,Low,Dry,No,No,Yellow
North,Weekly,Good,Low,Moist,No,Yes,Green
East,Weekly,Poor,Low,Dry,No,No,Green
South,Daily,Good,Bright,Moist,Yes,No,Yellow
East,Rare,Good,Bright,Dry,No,No,Green
South,Rare,Good,Bright,Dry,No,No,Green
East,Weekly,Good,Low,Moist,No,No,Green
South,Daily,Good,Bright,Moist,Yes,No,Yellow
North,Rare,Good,Low,Dry,No,No,Brown
South,Weekly,Poor,Bright,Moist,No,No,Green
East,Weekly,Poor,Low,Moist,No,Yes,Yellow
South,Weekly,Good,Bright,Moist,No,No,Green
North,Daily,Poor,Bright,Moist,No,No,Yellow
East,Weekly,Good,Low,Moist,No,No,Green
South,Daily,Poor,Bright,Soggy,Yes,Yes,Yellow
East,Weekly,Good,Bright,Moist,Yes,Yes,Brown
East,Weekly,Good,Low,Moist,No,No,Green
South,Weekly,Poor,Low,Moist,No,No,Green
North,Weekly,Good,Low,Moist,No,No,Green
North,Weekly,Good,Low,Moist,Yes,No,Yellow
East,Daily,Poor,Bright,Moist,No,No,Green
South,Weekly,Poor,Bright,Soggy,Yes,Yes,Green
East,Weekly,Poor,Low,Dry,No,No,Green
North,Weekly,Good,Low,Dry,No,No,Yellow
North,Daily,Good,Low,Moist,No,No,Green
East,Weekly,Poor,Bright,Moist,No,No,Yellow
East,Weekly,Poor,Low,Moist,No,Yes,Green
East,Weekly,Good,Low,Moist,No,No,Green
East,Weekly,Poor,Bright,Moist,No,No,Green
North,Daily,Good,Bright,Moist,No,No,Green
South,Weekly,Poor,Bright,Moist,No,Yes,Green
North,Weekly,Poor,Bright,Dry,No,No,Brown
North,Weekly,Good,Low,Moist,No,No,Green
North,Weekly,Good,Bright,Moist,No,Yes,Green
South,Weekly,Good,Bright,Moist,No,No,Green
North,Weekly,Good,Low,Moist,No,No,Green
North,Weekly,Good,Low,Moist,No,No,Green
South,Rare,Good,Bright,Dry,No,No,Green
North,Daily,Good,Low,Soggy,No,Yes,Green
South,Daily,Poor,Bright,Soggy,No,Yes,Green
North,Weekly,Good,Bright,Dry,No,No,Green
South,Weekly,Good,Low,Moist,No,Yes,Green
North,Daily,Good,Low,Soggy,Yes,Yes,Brown
North,Weekly,Poor,Low,Moist,No,No,Green
East,Daily,Poor,Bright,Moist,No,No,Green
South,Weekly,Good,Bright,Moist,No,No,Green
South,Weekly,Good,Low,Moist,No,Yes,Green
South,Weekly,Good,Bright,Moist,No,No,Green
South,Rare,Good,Bright,Dry,No,No,Green
South,Daily,Poor,Bright,Soggy,Yes,Yes,Green
East,Weekly,Poor,Bright,Soggy,Yes,Yes,Brown
North,Rare,Poor,Low,Dry,No,No,Green
South,Rare,Poor,Bright,Moist,No,No,Green
North,Weekly,Good,Bright,Moist,No,No,Green
North,Weekly,Good,Low,Moist,No,No,Green
East,Daily,Good,Bright,Soggy,No,Yes,Green
North,Weekly,Good,Low,Moist,No,No,Green
North,Weekly,Good,Low,Moist,No,No,Brown
North,Weekly,Good,Low,Moist,No,No,Green
East,Rare,Good,Low,Dry,No,No,Green
East,Rare,Good,Bright,Dry,No,No,Green
South,Weekly,Good,Bright,Dry,No,No,Green
South,Weekly,Good,Bright,Soggy,Yes,Yes,Yellow
South,Rare,Good,Bright,Dry,No,No,Green
East,Rare,Poor,Low,Dry,No,Yes,Green
East,Weekly,Poor,Bright,Moist,Yes,No,Yellow
East,Weekly,Good,Low,Moist,No,No,Brown
North,Weekly,Poor,Low,Soggy,Yes,No,Yellow
North,Weekly,Good,Low,Moist,No,Yes,Yellow
South,Rare,Poor,Bright,Moist,No,No,Green
North,Daily,Good,Bright,Moist,No,No,Green
South,Daily,Good,Bright,Moist,No,No,Green
East,Weekly,Good,Low,Moist,No,No,Green
North,Rare,Good,Low,Dry,No,No,Green
East,Weekly,Good,Bright,Moist,No,No,Green
East,Daily,Good,Bright,Moist,Yes,No,Yellow
North,Weekly,Good,Low,Dry,No,No,Green
North,Rare,Good,Low,Dry,No,No,Green
North,Weekly,Good,Low,Moist,No,No,Yellow
North,Weekly,Good,Bright,Moist,No,Yes,Yellow
East,Weekly,Poor,Low,Moist,No,Yes,Green
North,Weekly,Poor,Bright,Soggy,Yes,Yes,Yellow
East,Daily,Poor,Bright,Soggy,Yes,Yes,Green
East,Rare,Poor,Low,Moist,No,Yes,Green
South,Weekly,Good,Bright,Moist,No,No,Green
North,Weekly,Good,Bright,Moist,Yes,No,Yellow
North,Weekly,Good,Low,Moist,Yes,No,Brown
North,Weekly,Poor,Low,Soggy,No,Yes,Yellow
North,Weekly,Poor,Low,Moist,No,No,Green
North,Rare,Good,Low,Moist,Yes,No,Brown
North,Weekly,Good,Low,Dry,No,No,Yellow
North,Rare,Good,Bright,Dry,No,Yes,Yellow
North,Weekly,Good,Low,Moist,No,No,Green
East,Weekly,Good,Low,Moist,No,Yes,Yellow
East,Rare,Good,Low,Dry,No,No,Brown
North,Rare,Good,Bright,Dry,No,No,Green
North,Daily,Good,Low,Moist,No,No,Green
North,Weekly,Good,Low,Moist,No,No,Green
North,Rare,Poor,Low,Dry,Yes,No,Brown
North,Weekly,Good,Low,Moist,No,No,Yellow
East,Weekly,Good,Low,Dry,No,No,Yellow
South,Daily,Poor,Bright,Soggy,No,Yes,Green
East,Daily,Good,Bright,Moist,No,No,Green
North,Daily,Good,Low,Soggy,No,Yes,Green
North,Weekly,Good,Low,Moist,No,Yes,Green
North,Weekly,Good,Low,Dry,No,No,Green
East,Rare,Good,Low,Moist,No,No,Green
North,Weekly,Poor,Low,Soggy,Yes,Yes,Brown
East,Weekly,Poor,Low,Moist,No,No,Green
North,Weekly,Poor,Bright,Moist,No,No,Green
North,Weekly,Good,Low,Moist,No,Yes,Yellow
East,Rare,Good,Low,Dry,No,No,Green
East,Daily,Good,Low,Moist,No,No,Green
East,Weekly,Good,Bright,Moist,Yes,No,Yellow
South,Weekly,Good,Low,Soggy,Yes,Yes,Yellow
North,Rare,Poor,Low,Dry,No,No,Green
North,Rare,Poor,Low,Dry,No,No,Brown
East,Rare,Good,Bright,Dry,No,No,Brown
East,Rare,Poor,Low,Dry,No,No,Brown
South,Weekly,Poor,Bright,Moist,No,No,Green
South,Weekly,Good,Bright,Moist,No,No,Green
East,Daily,Good,Bright,Soggy,No,Yes,Green
South,Rare,Poor,Bright,Dry,No,No,Green
East,Weekly,Poor,Bright,Moist,Yes,Yes,Yellow
North,Weekly,Poor,Bright,Moist,No,No,Green
East,Weekly,Good,Bright,Moist,No,Yes,Green
North,Rare,Poor,Low,Dry,No,No,Yellow
North,Rare,Good,Low,Dry,No,No,Green
North,Rare,Poor,Bright,Dry,No,No,Green
North,Weekly,Poor,Low,Moist,No,No,Yellow
South,Rare,Good,Bright,Dry,No,No,Green
East,Daily,Good,Bright,Moist,No,Yes,Brown
South,Weekly,Poor,Bright,Soggy,Yes,Yes,Brown
North,Rare,Poor,Bright,Dry,No,No,Green
East,Weekly,Poor,Bright,Moist,No,Yes,Green
North,Weekly,Good,Low,Soggy,No,No,Green
East,Daily,Good,Bright,Soggy,Yes,Yes,Yellow
South,Rare,Poor,Bright,Dry,Yes,No,Yellow
South,Weekly,Good,Bright,Moist,Yes,No,Green
South,Weekly,Good,Bright,Moist,No,No,Green
North,Weekly,Good,Low,Dry,No,No,Green
East,Rare,Good,Low,Moist,No,No,Green
North,Daily,Poor,Low,Soggy,No,Yes,Brown
East,Rare,Good,Bright,Dry,No,No,Yellow
North,Weekly,Poor,Bright,Dry,No,No,Green
East,Weekly,Good,Low,Soggy,No,No,Yellow
East,Weekly,Poor,Bright,Moist,No,No,Green
North,Weekly,Poor,Low,Soggy,No,Yes,Green
North,Weekly,Good,Low,Dry,No,No,Green
East,Weekly,Good,Bright,Moist,No,Yes,Brown
East,Weekly,Poor,Bright,Moist,No,No,Green
East,Daily,Poor,Low,Soggy,No,Yes,Green
North,Daily,Good,Low,Soggy,No,Yes,Yellow
North,Weekly,Poor,Bright,Moist,No,Yes,Green
South,Weekly,Poor,Bright,Soggy,Yes,Yes,Yellow
South,Daily,Poor,Bright,Soggy,Yes,No,Green
North,Daily,Good,Low,Moist,No,No,Yellow
South,Daily,Poor,Bright,Soggy,Yes,No,Yellow
South,Rare,Good,Bright,Dry,No,No,Green
North,Daily,Good,Low,Moist,No,No,Green
North,Weekly,Good,Low,Dry,No,No,Yellow
East,Weekly,Poor,Low,Soggy,Yes,Yes,Yellow
North,Rare,Poor,Bright,Moist,No,No,Green
South,Rare,Good,Bright,Dry,No,No,Green
North,Daily,Good,Low,Moist,No,Yes,Green
East,Weekly,Poor,Low,Moist,No,Yes,Yellow
East,Weekly,Good,Low,Moist,No,No,Green
North,Weekly,Good,Low,Moist,No,Yes,Brown
South,Weekly,Good,Bright,Moist,No,No,Green
North,Weekly,Good,Low,Moist,No,No,Brown
North,Weekly,Good,Low,Soggy,No,No,Brown
North,Daily,Good,Low,Moist,No,Yes,Brown
East,Weekly,Poor,Bright,Moist,No,No,Yellow
East,Weekly,Poor,Low,Soggy,Yes,Yes,Yellow
North,Rare,Good,Low,Dry,No,No,Green
South,Daily,Poor,Bright,Dry,No,No,Green
North,Daily,Poor,Low,Soggy,No,No,Green
South,Daily,Good,Bright,Moist,No,No,Green
North,Weekly,Poor,Low,Soggy,Yes,No,Green
North,Weekly,Good,Low,Dry,No,No,Yellow
North,Rare,Poor,Low,Dry,No,No,Yellow
East,Weekly,Poor,Bright,Soggy,No,Yes,Green
North,Rare,Good,Low,Dry,No,No,Brown
North,Weekly,Good,Low,Moist,No,No,Yellow
South,Weekly,Good,Low,Soggy,No,Yes,Yellow
East,Rare,Poor,Bright,Moist,No,No,Green
East,Rare,Good,Low,Dry,No,No,Yellow
North,Rare,Good,Low,Dry,No,No,Yellow
South,Weekly,Poor,Bright,Moist,No,No,Green
East,Daily,Good,Bright,Soggy,No,No,Green
East,Daily,Poor,Low,Soggy,Yes,Yes,Yellow
South,Rare,Good,Bright,Dry,No,No,Green
East,Weekly,Good,Bright,Moist,No,No,Green
East,Rare,Poor,Bright,Dry,No,No,Yellow
North,Weekly,Good,Low,Moist,No,Yes,Brown
South,Weekly,Good,Bright,Soggy,Yes,Yes,Brown
South,Weekly,Poor,Low,Soggy,Yes,Yes,Yellow
South,Weekly,Good,Bright,Dry,Yes,No,Yellow
North,Weekly,Good,Low,Moist,No,No,Green
East,Rare,Good,Bright,Dry,No,No,Green
South,Weekly,Poor,Low,Soggy,Yes,Yes,Yellow
North,Daily,Poor,Low,Soggy,Yes,No,Brown
South,Rare,Poor,Bright,Dry,No,No,Green
East,Daily,Poor,Low,Soggy,Yes,Yes,Yellow
North,Rare,Poor,Low,Moist,No,No,Brown
North,Daily,Poor,Low,Soggy,Yes,Yes,Green
North,Daily,Good,Low,Soggy,Yes,Yes,Yellow
East,Weekly,Poor,Low,Moist,No,No,Yellow
East,Daily,Good,Bright,Soggy,No,Yes,Green
North,Weekly,Good,Low,Soggy,Yes,Yes,Brown
North,Weekly,Good,Low,Moist,No,No,Brown
South,Weekly,Poor,Bright,Moist,No,No,Green
North,Weekly,Poor,Low,Moist,No,No,Green
East,Rare,Good,Low,Dry,No,No,Yellow
South,Daily,Poor,Bright,Soggy,No,Yes,Green
East,Rare,Poor,Low,Dry,No,No,Yellow
North,Daily,Poor,Low,Moist,No,No,Green
South,Rare,Good,Bright,Dry,No,No,Green
East,Weekly,Good,Low,Moist,Yes,No,Yellow
East,Daily,Poor,Bright,Soggy,Yes,Yes,Yellow
North,Daily,Good,Low,Soggy,No,Yes,Yellow
East,Weekly,Good,Bright,Moist,No,No,Green
North,Weekly,Good,Bright,Dry,No,No,Green
North,Daily,Good,Low,Soggy,No,Yes,Brown
North,Weekly,Good,Low,Dry,No,No,Green
North,Weekly,Good,Low,Soggy,Yes,Yes,Brown
North,Rare,Good,Low,Dry,No,No,Green
North,Weekly,Poor,Low,Moist,No,Yes,Green
East,Weekly,Good,Low,Moist,No,No,Green
East,Rare,Poor,Low,Moist,No,No,Brown
East,Weekly,Good,Bright,Moist,No,No,Yellow
South,Weekly,Good,Low,Moist,No,No,Green
North,Weekly,Good,Low,Moist,No,No,Green
North,Weekly,Good,Low,Moist,No,No,Green
North,Weekly,Good,Low,Moist,No,No,Green
East,Weekly,Poor,Bright,Moist,No,Yes,Green
North,Weekly,Poor,Low,Moist,No,No,Yellow
North,Weekly,Poor,Bright,Moist,No,Yes,Green
North,Rare,Poor,Low,Dry,No,No,Yellow
North,Daily,Good,Low,Dry,No,No,Green
South,Weekly,Poor,Bright,Moist,No,No,Yellow
North,Daily,Poor,Low,Soggy,Yes,No,Yellow
East,Weekly,Good,Bright,Dry,Yes,No,Brown
North,Weekly,Good,Bright,Moist,No,No,Green
North,Weekly,Good,Low,Moist,No,No,Brown
East,Weekly,Good,Low,Moist,No,Yes,Yellow
North,Weekly,Poor,Low,Dry,No,No,Yellow
East,Weekly,Poor,Low,Soggy,Yes,Yes,Yellow
East,Weekly,Good,Low,Moist,No,No,Green
South,Daily,Good,Bright,Soggy,Yes,No,Yellow
North,Weekly,Good,Bright,Moist,No,No,Green
South,Daily,Good,Bright,Soggy,No,No,Green
East,Weekly,Good,Bright,Dry,No,No,Green
East,Daily,Good,Bright,Soggy,No,Yes,Green
North,Daily,Poor,Low,Soggy,Yes,Yes,Brown
South,Rare,Good,Bright,Dry,No,No,Green
North,Daily,Good,Bright,Soggy,Yes,Yes,Brown
East,Daily,Good,Bright,Moist,No,Yes,Green
East,Weekly,Good,Low,Moist,No,Yes,Yellow
South,Rare,Poor,Bright,Dry,No,No,Green
East,Daily,Good,Low,Soggy,Yes,No,Brown
South,Weekly,Good,Bright,Moist,No,No,Yellow
North,Rare,Good,Low,Dry,No,No,Yellow
East,Weekly,Good,Low,Moist,No,Yes,Green
East,Rare,Poor,Bright,Moist,No,Yes,Green
East,Weekly,Good,Low,Moist,No,No,Green
East,Rare,Good,Low,Dry,No,No,Yellow
East,Weekly,Poor,Bright,Soggy,No,No,Green
North,Rare,Good,Low,Moist,No,Yes,Green
East,Weekly,Good,Low,Moist,No,No,Green
North,Weekly,Good,Low,Moist,No,No,Yellow
East,Weekly,Good,Low,Soggy,No,No,Green
East,Weekly,Good,Low,Dry,No,No,Green
North,Weekly,Good,Low,Soggy,Yes,Yes,Yellow
East,Rare,Good,Bright,Dry,No,No,Yellow
East,Weekly,Poor,Bright,Moist,No,No,Green
North,Daily,Good,Bright,Moist,No,No,Green
North,Daily,Poor,Bright,Soggy,Yes,Yes,Yellow
North,Daily,Good,Low,Moist,No,No,Yellow
East,Rare,Poor,Bright,Moist,Yes,No,Yellow
North,Rare,Poor,Low,Moist,Yes,No,Brown
North,Weekly,Poor,Low,Soggy,No,Yes,Yellow
East,Weekly,Good,Low,Moist,No,No,Yellow
East,Rare,Good,Bright,Dry,No,No,Green
North,Rare,Good,Low,Dry,No,No,Yellow
South,Daily,Good,Bright,Soggy,No,Yes,Green
North,Daily,Good,Bright,Soggy,No,No,Green
East,Weekly,Poor,Bright,Moist,No,No,Green
North,Daily,Poor,Low,Moist,No,No,Green
East,Weekly,Poor,Low,Moist,Yes,No,Brown
North,Daily,Poor,Low,Soggy,No,Yes,Green
North,Weekly,Poor,Low,Moist,No,No,Green
East,Daily,Poor,Low,Soggy,No,Yes,Brown
East,Rare,Poor,Bright,Moist,No,No,Green
East,Weekly,Good,Bright,Moist,Yes,No,Brown
East,Weekly,Good,Bright,Moist,No,Yes,Green
North,Rare,Good,Low,Dry,No,No,Green
North,Daily,Good,Bright,Moist,No,No,Green
North,Daily,Good,Low,Moist,No,No,Green
North,Daily,Good,Low,Dry,No,No,Yellow
East,Daily,Poor,Bright,Moist,No,Yes,Green
East,Weekly,Good,Low,Moist,No,Yes,Yellow
North,Rare,Poor,Bright,Soggy,Yes,Yes,Yellow
North,Weekly,Good,Low,Moist,No,No,Green
East,Rare,Poor,Bright,Dry,No,No,Green
North,Weekly,Good,Low,Moist,No,No,Green
East,Weekly,Good,Low,Moist,No,Yes,Yellow
East,Weekly,Good,Bright,Moist,No,No,Green
East,Weekly,Poor,Low,Moist,No,No,Yellow
North,Weekly,Good,Low,Moist,No,Yes,Green
North,Daily,Poor,Low,Moist,No,No,Green
South,Weekly,Good,Bright,Moist,No,No,Green
North,Rare,Poor,Low,Dry,No,No,Green
East,Daily,Good,Low,Soggy,Yes,Yes,Yellow
East,Weekly,Poor,Bright,Moist,No,No,Green
East,Weekly,Good,Low,Moist,No,Yes,Yellow
North,Weekly,Poor,Low,Soggy,No,Yes,Green
North,Rare,Good,Low,Dry,No,No,Yellow
East,Weekly,Good,Bright,Moist,No,Yes,Green
North,Weekly,Poor,Low,Soggy,No,Yes,Yellow
South,Weekly,Poor,Bright,Moist,No,No,Green
South,Rare,Good,Bright,Dry,No,No,Green
North,Weekly,Good,Low,Moist,No,No,Yellow
East,Weekly,Good,Low,Moist,No,No,Yellow
East,Daily,Good,Low,Moist,No,No,Green
South,Rare,Good,Bright,Dry,No,No,Green
North,Weekly,Good,Low,Dry,No,No,Green
North,Rare,Good,Low,Dry,No,No,Green
East,Rare,Good,Low,Dry,No,No,Green
South,Weekly,Good,Bright,Moist,No,No,Green
East,Rare,Good,Bright,Dry,No,No,Yellow
East,Weekly,Good,Bright,Moist,No,Yes,Green
North,Daily,Good,Low,Soggy,Yes,Yes,Yellow
East,Weekly,Poor,Bright,Moist,No,No,Green
East,Rare,Good,Low,Dry,No,No,Green
North,Rare,Good,Low,Dry,No,No,Yellow
East,Weekly,Good,Low,Moist,No,No,Yellow
East,Weekly,Poor,Bright,Moist,Yes,Yes,Yellow
North,Weekly,Good,Bright,Moist,No,No,Green
North,Weekly,Good,Low,Soggy,Yes,Yes,Brown
East,Weekly,Poor,Bright,Soggy,Yes,Yes,Brown
North,Weekly,Poor,Bright,Moist,No,No,Yellow
North,Weekly,Good,Bright,Soggy,Yes,Yes,Brown
South,Rare,Poor,Low,Dry,No,No,Green
East,Weekly,Poor,Low,Soggy,No,No,Green
North,Weekly,Good,Low,Dry,No,No,Yellow
East,Weekly,Poor,Low,Moist,No,Yes,Green
South,Daily,Poor,Bright,Soggy,No,Yes,Green
South,Rare,Good,Low,Dry,No,No,Green
East,Weekly,Good,Low,Moist,No,No,Green
South,Daily,Good,Bright,Moist,No,No,Green
South,Rare,Good,Bright,Dry,No,No,Green
East,Weekly,Good,Low,Dry,No,No,Green
East,Weekly,Good,Bright,Moist,No,No,Green
North,Weekly,Good,Low,Dry,No,No,Green
East,Daily,Good,Bright,Moist,No,No,Green
East,Weekly,Good,Bright,Moist,No,No,Green
South,Rare,Poor,Bright,Dry,No,No,Yellow
North,Daily,Poor,Bright,Soggy,No,Yes,Green
South,Weekly,Good,Bright,Moist,No,No,Green
North,Daily,Good,Low,Moist,Yes,No,Green
South,Daily,Good,Bright,Moist,No,No,Green
South,Daily,Poor,Bright,Soggy,Yes,Yes,Yellow
North,Daily,Good,Low,Soggy,Yes,Yes,Green
North,Weekly,Poor,Low,Moist,No,Yes,Green
South,Weekly,Poor,Bright,Soggy,No,Yes,Green
South,Weekly,Good,Bright,Moist,No,Yes,Brown
East,Weekly,Good,Low,Moist,Yes,No,Yellow
North,Daily,Good,Bright,Moist,No,No,Green
North,Rare,Good,Low,Dry,No,Yes,Green
North,Weekly,Poor,Low,Moist,No,Yes,Yellow
South,Daily,Good,Bright,Soggy,Yes,Yes,Green
South,Weekly,Good,Bright,Moist,No,No,Green
East,Weekly,Poor,Low,Moist,No,Yes,Green
South,Rare,Good,Bright,Dry,No,No,Green
South,Rare,Good,Bright,Dry,No,No,Green
North,Weekly,Good,Low,Dry,No,No,Green
South,Daily,Poor,Bright,Soggy,Yes,No,Yellow
North,Weekly,Poor,Low,Soggy,Yes,Yes,Yellow
North,Weekly,Good,Low,Moist,No,No,Green
North,Daily,Good,Low,Soggy,No,No,Green
North,Weekly,Poor,Low,Moist,No,No,Green
East,Weekly,Good,Bright,Moist,No,Yes,Green
North,Weekly,Good,Bright,Soggy,Yes,Yes,Green
East,Rare,Good,Bright,Dry,No,No,Green
North,Weekly,Good,Low,Soggy,No,No,Yellow
East,Weekly,Poor,Bright,Moist,No,No,Green
North,Rare,Good,Low,Dry,Yes,No,Green
North,Weekly,Poor,Low,Dry,No,No,Green
North,Rare,Poor,Low,Dry,No,No,Green
East,Rare,Good,Low,Dry,No,No,Green
South,Weekly,Good,Bright,Soggy,Yes,Yes,Green
South,Weekly,Good,Bright,Moist,No,No,Green
East,Weekly,Good,Low,Moist,No,No,Green
East,Weekly,Good,Bright,Moist,No,Yes,Green
East,Weekly,Good,Low,Moist,No,No,Yellow
North,Weekly,Poor,Bright,Moist,No,No,Yellow
North,Rare,Good,Low,Dry,No,No,Green
South,Rare,Poor,Bright,Dry,No,No,Green
East,Daily,Poor,Bright,Moist,No,Yes,Green
East,Weekly,Good,Low,Dry,No,No,Yellow
North,Rare,Good,Low,Dry,No,Yes,Green
North,Weekly,Good,Bright,Moist,No,Yes,Green
North,Daily,Poor,Low,Moist,Yes,Yes,Brown
North,Daily,Good,Low,Soggy,Yes,Yes,Yellow
East,Weekly,Good,Low,Moist,No,Yes,Green
North,Weekly,Poor,Low,Moist,No,No,Green
East,Weekly,Poor,Bright,Moist,No,Yes,Green
North,Rare,Good,Low,Dry,No,No,Yellow
North,Weekly,Good,Bright,Moist,No,No,Green
East,Daily,Good,Low,Soggy,Yes,Yes,Brown
East,Weekly,Poor,Bright,Moist,No,Yes,Green
North,Weekly,Poor,Low,Moist,No,No,Green
East,Weekly,Good,Low,Moist,No,No,Green
South,Daily,Poor,Bright,Soggy,Yes,Yes,Brown
South,Daily,Good,Bright,Moist,No,No,Green
North,Daily,Poor,Low,Soggy,Yes,Yes,Yellow
East,Daily,Poor,Low,Soggy,Yes,Yes,Yellow
North,Rare,Poor,Low,Moist,No,No,Brown
East,Weekly,Poor,Low,Moist,Yes,No,Brown
North,Weekly,Poor,Low,Moist,No,No,Green
East,Weekly,Poor,Low,Moist,No,Yes,Green
East,Rare,Good,Bright,Dry,No,Yes,Green
South,Weekly,Good,Bright,Dry,No,No,Green
North,Weekly,Good,Low,Moist,No,No,Yellow
East,Weekly,Good,Low,Soggy,Yes,No,Yellow
East,Weekly,Good,Bright,Moist,No,No,Yellow
South,Weekly,Good,Bright,Moist,Yes,No,Brown
South,Rare,Good,Bright,Dry,No,No,Green
North,Weekly,Good,Low,Moist,No,No,Green
North,Weekly,Good,Low,Moist,No,No,Green
East,Rare,Good,Bright,Dry,No,No,Green
East,Daily,Good,Bright,Soggy,No,No,Yellow
North,Weekly,Poor,Bright,Moist,No,Yes,Green
South,Weekly,Good,Bright,Dry,No,No,Brown
South,Rare,Good,Bright,Dry,No,No,Yellow
North,Weekly,Good,Bright,Dry,No,No,Green
East,Weekly,Poor,Low,Moist,No,Yes,Green
South,Weekly,Poor,Bright,Moist,No,No,Green
North,Weekly,Good,Low,Dry,No,No,Green
South,Weekly,Good,Bright,Moist,No,No,Green
South,Rare,Good,Bright,Dry,Yes,No,Brown
East,Rare,Poor,Bright,Moist,No,No,Green
East,Daily,Good,Bright,Dry,No,No,Green
East,Weekly,Good,Low,Moist,No,Yes,Yellow
East,Weekly,Good,Bright,Moist,No,No,Green
East,Rare,Good,Low,Dry,No,No,Green
North,Weekly,Poor,Bright,Dry,No,No,Green
East,Weekly,Poor,Low,Moist,No,No,Green
East,Weekly,Good,Bright,Moist,No,Yes,Green
East,Daily,Good,Low,Moist,No,No,Brown
East,Weekly,Good,Bright,Moist,No,No,Green
East,Daily,Good,Low,Moist,No,No,Green
South,Weekly,Good,Low,Dry,No,No,Yellow
East,Daily,Good,Bright,Moist,No,Yes,Green
North,Daily,Poor,Low,Moist,No,No,Brown
South,Weekly,Good,Bright,Moist,No,No,Green
North,Weekly,Poor,Low,Moist,No,No,Green
North,Daily,Good,Bright,Soggy,Yes,Yes,Yellow
North,Daily,Good,Low,Moist,No,No,Green
North,Rare,Good,Low,Dry,No,No,Green
East,Weekly,Poor,Bright,Moist,No,No,Green
North,Rare,Good,Low,Dry,No,No,Green
North,Daily,Good,Low,Moist,No,No,Green
South,Weekly,Good,Bright,Moist,No,No,Green
North,Weekly,Poor,Low,Moist,No,No,Green
South,Weekly,Good,Bright,Soggy,No,No,Green
North,Weekly,Good,Low,Dry,No,No,Green
East,Weekly,Good,Bright,Moist,No,Yes,Green
North,Weekly,Good,Low,Moist,No,No,Yellow
South,Daily,Good,Bright,Soggy,No,Yes,Green
East,Weekly,Good,Bright,Moist,No,Yes,Green
East,Daily,Good,Low,Moist,No,Yes,Green
North,Daily,Good,Low,Moist,No,No,Green
South,Weekly,Good,Low,Moist,No,No,Green
North,Rare,Poor,Bright,Dry,No,No,Green
East,Daily,Good,Bright,Soggy,Yes,No,Green
South,Weekly,Good,Low,Soggy,No,Yes,Green
North,Weekly,Good,Bright,Soggy,Yes,Yes,Yellow
North,Rare,Good,Low,Dry,No,No,Green
South,Weekly,Good,Bright,Moist,No,Yes,Green
South,Rare,Good,Bright,Dry,No,No,Green
South,Weekly,Good,Bright,Moist,No,No,Brown
East,Weekly,Poor,Bright,Soggy,No,Yes,Green
South,Weekly,Poor,Bright,Soggy,Yes,No,Brown
North,Rare,Good,Low,Dry,No,No,Yellow
North,Daily,Poor,Low,Soggy,No,Yes,Yellow
East,Daily,Poor,Low,Soggy,Yes,Yes,Yellow
East,Rare,Poor,Low,Dry,No,Yes,Yellow
South,Weekly,Good,Bright,Moist,No,Yes,Green
North,Rare,Poor,Bright,Moist,No,Yes,Green
East,Rare,Poor,Bright,Dry,No,No,Green
South,Daily,Good,Low,Soggy,Yes,Yes,Brown
North,Weekly,Poor,Bright,Moist,No,No,Green
East,Weekly,Good,Bright,Dry,No,No,Green
East,Daily,Good,Bright,Soggy,Yes,Yes,Green
South,Weekly,Good,Bright,Dry,No,Yes,Green
North,Weekly,Poor,Bright,Soggy,No,No,Green
East,Weekly,Poor,Low,Moist,No,No,Yellow
East,Daily,Good,Bright,Soggy,Yes,No,Green
East,Weekly,Poor,Low,Moist,No,No,Yellow
North,Weekly,Good,Low,Soggy,No,Yes,Green
East,Daily,Poor,Low,Soggy,No,No,Green
East,Weekly,Poor,Bright,Soggy,Yes,No,Yellow
North,Weekly,Good,Bright,Moist,No,No,Green
East,Weekly,Good,Bright,Moist,No,Yes,Green
East,Daily,Poor,Bright,Soggy,Yes,No,Yellow
South,Rare,Poor,Bright,Dry,No,No,Green
East,Rare,Good,Bright,Dry,No,No,Green
North,Weekly,Poor,Low,Moist,No,Yes,Yellow
South,Rare,Good,Bright,Dry,No,No,Green
North,Weekly,Poor,Low,Soggy,Yes,Yes,Yellow
North,Daily,Good,Low,Moist,No,Yes,Green
South,Daily,Poor,Low,Soggy,Yes,Yes,Green
North,Rare,Good,Low,Dry,No,No,Green
North,Weekly,Poor,Low,Moist,No,No,Yellow
North,Weekly,Poor,Low,Moist,No,Yes,Yellow
North,Daily,Good,Bright,Moist,No,No,Green
North,Weekly,Good,Low,Moist,No,No,Green
South,Daily,Good,Bright,Moist,No,No,Yellow
North,Weekly,Good,Low,Moist,No,No,Brown
North,Daily,Good,Low,Dry,No,Yes,Green
North,Weekly,Good,Low,Moist,No,Yes,Green
South,Daily,Poor,Bright,Soggy,No,Yes,Green
East,Daily,Good,Low,Soggy,Yes,Yes,Brown
North,Weekly,Poor,Bright,Moist,No,No,Green
South,Daily,Poor,Low,Soggy,Yes,No,Green
South,Weekly,Poor,Bright,Soggy,Yes,No,Yellow
East,Rare,Poor,Bright,Moist,No,No,Green
South,Weekly,Poor,Bright,Moist,No,No,Yellow
North,Weekly,Good,Low,Moist,No,No,Green
North,Daily,Poor,Low,Moist,No,Yes,Green
East,Rare,Good,Bright,Dry,No,No,Green
North,Daily,Good,Low,Soggy,Yes,No,Brown
North,Weekly,Good,Low,Moist,No,No,Yellow
North,Daily,Poor,Low,Moist,No,No,Yellow
North,Daily,Good,Low,Dry,No,No,Green
South,Weekly,Poor,Low,Moist,No,No,Brown
South,Weekly,Good,Bright,Moist,No,Yes,Green
North,Weekly,Good,Low,Moist,No,No,Green
North,Weekly,Good,Bright,Dry,Yes,No,Yellow
East,Weekly,Good,Bright,Moist,No,Yes,Green
South,Daily,Good,Bright,Moist,No,No,Green
East,Daily,Good,Bright,Moist,No,Yes,Brown
East,Weekly,Good,Bright,Moist,No,Yes,Green
North,Daily,Poor,Low,Soggy,Yes,Yes,Brown
South,Weekly,Poor,Low,Moist,No,No,Green
South,Rare,Good,Bright,Dry,No,No,Green
East,Weekly,Poor,Low,Soggy,No,Yes,Green
North,Weekly,Good,Low,Dry,No,No,Yellow
North,Daily,Good,Bright,Soggy,No,No,Green
East,Daily,Poor,Bright,Moist,No,No,Brown
East,Rare,Good,Low,Dry,No,No,Green
North,Daily,Good,Bright,Soggy,Yes,Yes,Green
East,Daily,Poor,Low,Soggy,No,No,Green
South,Weekly,Good,Bright,Moist,No,No,Green
North,Weekly,Good,Low,Moist,No,No,Green
North,Weekly,Good,Bright,Dry,No,No,Green
North,Rare,Poor,Low,Dry,No,No,Yellow
East,Weekly,Poor,Low,Soggy,No,Yes,Yellow
North,Weekly,Good,Low,Moist,No,No,Yellow
South,Weekly,Good,Bright,Moist,No,No,Yellow
North,Weekly,Poor,Bright,Moist,No,No,Yellow
North,Weekly,Good,Bright,Dry,No,No,Green
South,Daily,Poor,Bright,Moist,No,No,Brown
North,Rare,Good,Low,Dry,No,No,Green
North,Rare,Poor,Low,Dry,No,No,Green
North,Daily,Poor,Low,Soggy,Yes,Yes,Brown
North,Weekly,Good,Bright,Moist,No,No,Green
North,Weekly,Poor,Bright,Moist,No,No,Green
East,Weekly,Poor,Bright,Moist,No,No,Brown
East,Weekly,Good,Bright,Moist,No,Yes,Green
East,Weekly,Good,Bright,Moist,Yes,No,Yellow
East,Weekly,Good,Low,Dry,No,No,Green
East,Daily,Poor,Low,Moist,No,No,Yellow
North,Rare,Poor,Low,Dry,No,No,Green
East,Daily,Poor,Bright,Soggy,No,Yes,Green
East,Rare,Poor,Bright,Dry,No,No,Green
North,Weekly,Poor,Low,Moist,No,No,Yellow
East,Daily,Good,Bright,Moist,Yes,No,Green
North,Rare,Good,Bright,Dry,No,No,Green
South,Weekly,Poor,Bright,Dry,No,No,Yellow
North,Weekly,Poor,Bright,Moist,No,No,Green
North,Weekly,Poor,Low,Moist,No,No,Green
South,Daily,Poor,Bright,Soggy,No,Yes,Green
South,Rare,Poor,Bright,Moist,No,No,Green
South,Rare,Poor,Bright,Soggy,No,Yes,Green
East,Daily,Poor,Bright,Soggy,Yes,No,Yellow
East,Daily,Poor,Bright,Moist,No,No,Green
East,Rare,Poor,Bright,Moist,No,No,Green
East,Weekly,Poor,Bright,Moist,No,No,Green
East,Rare,Good,Low,Dry,No,No,Green
South,Daily,Poor,Bright,Moist,No,No,Green
North,Daily,Good,Low,Moist,No,No,Green
South,Weekly,Good,Low,Moist,No,No,Yellow
North,Weekly,Poor,Low,Soggy,No,Yes,Green
North,Weekly,Poor,Bright,Soggy,No,Yes,Green
South,Weekly,Good,Bright,Moist,No,No,Green
North,Daily,Good,Low,Soggy,Yes,Yes,Yellow
East,Daily,Poor,Low,Soggy,No,Yes,Green
South,Daily,Good,Low,Soggy,No,Yes,Yellow
East,Daily,Poor,Low,Soggy,No,Yes,Green
East,Rare,Good,Bright,Moist,No,No,Green
East,Rare,Poor,Bright,Dry,No,No,Green
South,Weekly,Good,Bright,Dry,No,No,Green
South,Weekly,Poor,Low,Soggy,Yes,No,Yellow
North,Daily,Good,Low,Soggy,No,Yes,Green
North,Rare,Good,Low,Dry,No,No,Green
North,Weekly,Good,Low,Moist,No,No,Green
North,Daily,Good,Low,Moist,No,No,Green
South,Weekly,Good,Bright,Dry,No,No,Green
South,Rare,Poor,Bright,Dry,No,No,Green
North,Weekly,Good,Low,Moist,No,No,Green
North,Daily,Poor,Low,Soggy,No,Yes,Green
North,Daily,Poor,Low,Moist,No,Yes,Brown
East,Daily,Good,Low,Soggy,No,No,Brown
South,Weekly,Good,Bright,Dry,No,No,Green
East,Daily,Good,Low,Dry,No,No,Green
East,Rare,Good,Bright,Dry,No,No,Yellow
South,Rare,Good,Bright,Dry,No,No,Green
South,Weekly,Poor,Bright,Moist,No,No,Green
North,Weekly,Good,Bright,Moist,No,No,Green
East,Weekly,Poor,Low,Moist,No,Yes,Green
South,Daily,Poor,Bright,Soggy,Yes,Yes,Green
South,Weekly,Poor,Bright,Dry,Yes,No,Brown
East,Weekly,Poor,Bright,Moist,No,No,Green
North,Rare,Good,Bright,Dry,No,Yes,Yellow
East,Weekly,Good,Low,Dry,No,No,Yellow
North,Daily,Good,Low,Moist,No,No,Green
North,Daily,Good,Low,Soggy,No,Yes,Yellow
South,Weekly,Good,Bright,Soggy,Yes,No,Yellow
East,Rare,Good,Bright,Moist,No,No,Green
East,Weekly,Poor,Low,Moist,No,Yes,Green
East,Rare,Good,Low,Dry,No,No,Green
North,Weekly,Poor,Bright,Soggy,Yes,No,Yellow
North,Rare,Good,Low,Dry,No,No,Green
North,Weekly,Good,Low,Moist,No,No,Yellow
South,Weekly,Good,Low,Moist,No,No,Brown
East,Weekly,Good,Bright,Moist,No,No,Yellow
South,Daily,Good,Low,Moist,No,No,Green
East,Rare,Poor,Low,Moist,No,Yes,Yellow
South,Weekly,Good,Low,Moist,No,Yes,Yellow
South,Weekly,Poor,Bright,Moist,No,No,Green
East,Rare,Poor,Low,Dry,No,Yes,Yellow
South,Weekly,Poor,Bright,Moist,No,Yes,Green
South,Weekly,Good,Bright,Moist,No,No,Yellow
East,Weekly,Good,Bright,Moist,No,No,Green
South,Daily,Poor,Bright,Moist,Yes,Yes,Brown
North,Weekly,Good,Low,Moist,No,No,Yellow
North,Weekly,Poor,Low,Moist,No,Yes,Green
South,Daily,Good,Bright,Soggy,Yes,Yes,Yellow
North,Daily,Good,Low,Soggy,Yes,No,Green
North,Weekly,Good,Low,Moist,No,No,Green
North,Weekly,Poor,Low,Dry,No,No,Brown
East,Weekly,Good,Bright,Soggy,Yes,No,Green
North,Weekly,Good,Low,Moist,No,No,Yellow
South,Weekly,Poor,Bright,Moist,No,No,Green
North,Weekly,Good,Low,Moist,No,No,Brown
East,Rare,Good,Bright,Dry,No,No,Green
South,Weekly,Good,Bright,Moist,Yes,No,Yellow
East,Weekly,Good,Low,Moist,No,No,Green
East,Weekly,Poor,Bright,Dry,No,No,Green
East,Weekly,Poor,Bright,Soggy,Yes,No,Yellow
South,Daily,Poor,Bright,Soggy,Yes,No,Brown
East,Rare,Good,Bright,Dry,No,Yes,Green
North,Daily,Good,Low,Moist,No,No,Yellow
North,Rare,Good,Low,Dry,No,No,Yellow
South,Weekly,Poor,Bright,Moist,No,No,Green
East,Rare,Good,Low,Dry,No,No,Green
North,Weekly,Poor,Low,Soggy,Yes,Yes,Yellow
East,Daily,Good,Low,Soggy,No,No,Green
East,Weekly,Good,Bright,Moist,No,No,Green
North,Weekly,Good,Low,Soggy,Yes,No,Green
South,Daily,Poor,Bright,Soggy,Yes,Yes,Yellow
North,Weekly,Poor,Low,Moist,No,No,Green
North,Weekly,Good,Low,Moist,No,No,Yellow
North,Rare,Good,Bright,Dry,No,No,Green
North,Daily,Good,Low,Moist,No,No,Green
South,Weekly,Poor,Bright,Moist,No,No,Green
East,Weekly,Good,Bright,Moist,Yes,No,Yellow
North,Weekly,Good,Low,Moist,No,No,Yellow
North,Rare,Good,Low,Dry,No,No,Brown
North,Daily,Poor,Bright,Moist,No,No,Green
East,Daily,Good,Low,Soggy,Yes,Yes,Brown
South,Weekly,Poor,Bright,Moist,No,No,Green
North,Weekly,Good,Low,Moist,No,No,Brown
East,Rare,Good,Low,Dry,No,No,Green
North,Daily,Good,Low,Moist,Yes,Yes,Green
North,Weekly,Good,Low,Moist,No,No,Yellow
East,Daily,Good,Bright,Soggy,Yes,No,Yellow
South,Weekly,Poor,Bright,Soggy,Yes,Yes,Yellow
North,Daily,Good,Low,Soggy,No,Yes,Green
East,Daily,Poor,Bright,Soggy,Yes,No,Green
North,Weekly,Good,Low,Moist,No,No,Green
North,Weekly,Good,Bright,Moist,No,No,Green
East,Weekly,Poor,Bright,Moist,No,Yes,Green
North,Weekly,Poor,Bright,Soggy,Yes,Yes,Brown
East,Daily,Poor,Low,Dry,No,No,Green
East,Daily,Good,Low,Moist,No,Yes,Yellow
North,Weekly,Good,Low,Dry,No,No,Yellow
East,Rare,Good,Bright,Dry,No,No,Green
North,Daily,Good,Bright,Dry,No,No,Green
South,Rare,Good,Bright,Dry,No,No,Green
North,Weekly,Poor,Low,Moist,No,No,Green
East,Weekly,Good,Low,Dry,No,No,Yellow
East,Weekly,Good,Bright,Moist,No,No,Green
East,Daily,Good,Low,Soggy,Yes,No,Yellow
North,Weekly,Good,Low,Moist,No,No,Green
South,Daily,Good,Bright,Moist,No,No,Green
North,Weekly,Good,Low,Moist,No,Yes,Yellow
South,Weekly,Good,Bright,Dry,No,No,Green
East,Rare,Poor,Bright,Dry,No,No,Green
East,Daily,Poor,Low,Soggy,Yes,No,Yellow
East,Rare,Good,Low,Dry,No,No,Green
North,Weekly,Good,Low,Moist,No,No,Green
South,Weekly,Good,Bright,Moist,Yes,No,Yellow
East,Weekly,Poor,Bright,Soggy,No,Yes,Green
East,Daily,Poor,Bright,Soggy,No,Yes,Green
East,Daily,Good,Bright,Soggy,Yes,No,Brown
South,Daily,Good,Bright,Soggy,Yes,Yes,Green
East,Daily,Good,Low,Moist,Yes,No,Brown
North,Weekly,Good,Low,Moist,No,No,Yellow
South,Weekly,Poor,Bright,Moist,No,No,Green
East,Rare,Poor,Bright,Dry,No,No,Green
East,Weekly,Good,Low,Moist,No,Yes,Yellow
East,Daily,Poor,Bright,Soggy,Yes,Yes,Brown
North,Weekly,Good,Low,Soggy,Yes,Yes,Yellow
South,Daily,Good,Bright,Moist,Yes,No,Green
South,Rare,Poor,Bright,Dry,No,No,Green
East,Weekly,Good,Bright,Moist,No,No,Green
North,Rare,Poor,Low,Moist,No,No,Green
South,Weekly,Good,Bright,Moist,No,No,Green
South,Daily,Good,Bright,Soggy,Yes,Yes,Brown
South,Weekly,Poor,Bright,Moist,No,No,Green
South,Rare,Poor,Bright,Moist,No,No,Green
North,Weekly,Good,Bright,Soggy,Yes,Yes,Green
East,Rare,Good,Bright,Dry,No,No,Green
South,Weekly,Good,Bright,Dry,No,No,Green
East,Daily,Good,Low,Soggy,No,Yes,Green
North,Daily,Good,Low,Moist,Yes,No,Brown
East,Weekly,Poor,Low,Moist,No,No,Green
North,Rare,Good,Low,Moist,No,No,Green
North,Rare,Good,Low,Dry,No,No,Green
South,Weekly,Poor,Bright,Soggy,No,Yes,Green
South,Weekly,Good,Bright,Dry,No,No,Green
East,Rare,Poor,Low,Dry,No,No,Green
East,Daily,Good,Bright,Soggy,Yes,No,Brown
East,Weekly,Poor,Bright,Moist,No,Yes,Green
East,Rare,Poor,Bright,Dry,No,No,Green
North,Rare,Good,Low,Dry,No,No,Yellow
North,Weekly,Poor,Low,Moist,No,No,Yellow
East,Weekly,Good,Bright,Dry,No,No,Yellow
East,Weekly,Good,Bright,Moist,No,Yes,Green
North,Weekly,Good,Low,Dry,No,No,Green
North,Weekly,Poor,Low,Moist,No,No,Yellow
North,Weekly,Poor,Low,Dry,No,No,Yellow
North,Weekly,Good,Low,Soggy,No,Yes,Yellow
South,Weekly,Poor,Bright,Moist,No,No,Brown
North,Weekly,Poor,Low,Moist,No,Yes,Brown
North,Weekly,Poor,Low,Soggy,No,No,Green
East,Rare,Poor,Low,Moist,No,No,Green
North,Weekly,Good,Low,Dry,No,No,Yellow
East,Weekly,Poor,Low,Dry,No,No,Green
East,Weekly,Poor,Bright,Soggy,No,Yes,Green
North,Weekly,Good,Low,Dry,No,No,Green
South,Weekly,Good,Bright,Soggy,No,Yes,Green
East,Weekly,Good,Bright,Moist,No,No,Green
North,Daily,Good,Low,Moist,Yes,No,Yellow
South,Weekly,Good,Bright,Dry,No,No,Green
North,Rare,Poor,Low,Dry,No,No,Green
East,Rare,Poor,Low,Dry,No,No,Green
East,Weekly,Good,Low,Moist,No,No,Green
North,Rare,Poor,Bright,Dry,Yes,No,Brown
North,Weekly,Good,Low,Moist,No,No,Yellow
East,Rare,Good,Low,Moist,Yes,No,Yellow
North,Daily,Poor,Bright,Soggy,Yes,Yes,Brown
North,Rare,Good,Low,Dry,No,No,Green
East,Weekly,Good,Low,Moist,No,No,Green
East,Rare,Good,Low,Dry,No,No,Green
East,Rare,Good,Low,Moist,No,No,Green
North,Weekly,Good,Low,Moist,No,No,Green
North,Weekly,Good,Low,Dry,No,No,Yellow
South,Daily,Good,Bright,Moist,No,No,Green
North,Rare,Poor,Low,Dry,No,No,Brown
East,Daily,Good,Bright,Moist,No,No,Green
East,Rare,Good,Bright,Dry,No,No,Green
South,Weekly,Poor,Bright,Moist,Yes,No,Green
North,Daily,Good,Low,Soggy,Yes,No,Yellow
South,Weekly,Good,Bright,Moist,No,No,Green
North,Weekly,Good,Low,Soggy,Yes,Yes,Yellow
North,Weekly,Good,Low,Moist,No,No,Yellow
East,Daily,Good,Low,Soggy,Yes,Yes,Yellow
North,Daily,Good,Bright,Soggy,Yes,Yes,Green
East,Rare,Good,Bright,Dry,No,No,Green
East,Weekly,Poor,Bright,Moist,No,No,Brown
North,Weekly,Good,Low,Moist,No,No,Brown
South,Rare,Good,Low,Dry,No,No,Green
East,Weekly,Good,Bright,Moist,No,No,Yellow
South,Weekly,Good,Bright,Dry,No,Yes,Green
North,Weekly,Good,Low,Moist,No,No,Green
North,Rare,Poor,Low,Dry,No,No,Yellow
East,Weekly,Good,Bright,Moist,No,No,Green
North,Weekly,Poor,Low,Dry,No,No,Yellow
East,Weekly,Good,Bright,Soggy,Yes,Yes,Brown
South,Weekly,Poor,Bright,Moist,No,No,Green
North,Daily,Good,Low,Soggy,Yes,Yes,Brown
North,Weekly,Good,Low,Moist,No,Yes,Green
North,Weekly,Good,Low,Moist,No,No,Green
East,Weekly,Good,Low,Moist,Yes,No,Yellow
South,Weekly,Poor,Bright,Dry,No,No,Green
South,Daily,Good,Bright,Soggy,No,Yes,Green
East,Weekly,Good,Bright,Moist,No,Yes,Green
North,Daily,Good,Low,Soggy,Yes,No,Yellow
North,Rare,Good,Low,Dry,No,No,Green
North,Weekly,Poor,Low,Soggy,Yes,Yes,Brown
North,Weekly,Good,Low,Moist,No,No,Yellow
South,Daily,Poor,Bright,Soggy,Yes,Yes,Yellow
East,Rare,Good,Low,Dry,No,No,Brown
North,Weekly,Good,Bright,Moist,No,No,Green
East,Daily,Good,Bright,Moist,No,Yes,Brown
East,Weekly,Good,Bright,Dry,No,No,Green
North,Rare,Poor,Bright,Dry,No,No,Green
South,Weekly,Good,Bright,Dry,No,No,Yellow
South,Weekly,Good,Bright,Moist,No,No,Yellow
North,Rare,Good,Low,Dry,No,No,Yellow
South,Weekly,Poor,Bright,Moist,Yes,No,Green
East,Weekly,Poor,Bright,Moist,No,No,Brown
East,Daily,Good,Bright,Moist,No,No,Yellow
East,Weekly,Poor,Bright,Soggy,No,Yes,Green
East,Weekly,Good,Low,Soggy,Yes,Yes,Brown
East,Rare,Good,Low,Dry,No,No,Green
North,Rare,Good,Low,Dry,No,No,Green
South,Weekly,Good,Low,Moist,No,Yes,Green
East,Weekly,Poor,Low,Moist,No,No,Green
East,Rare,Poor,Low,Moist,No,No,Green
South,Weekly,Good,Bright,Moist,No,No,Green
East,Rare,Good,Low,Dry,No,No,Green
South,Weekly,Poor,Bright,Moist,No,No,Green
North,Weekly,Good,Low,Moist,No,No,Green
East,Weekly,Good,Bright,Soggy,No,Yes,Green
North,Weekly,Good,Low,Moist,No,No,Green
North,Weekly,Good,Low,Dry,No,No,Yellow
North,Rare,Good,Low,Dry,No,No,Yellow
North,Weekly,Poor,Low,Dry,No,No,Yellow
East,Daily,Poor,Low,Soggy,Yes,Yes,Brown
North,Daily,Poor,Low,Soggy,Yes,No,Yellow
South,Weekly,Good,Bright,Moist,No,No,Green
East,Weekly,Poor,Bright,Moist,No,No,Green
North,Rare,Good,Low,Dry,No,No,Yellow
South,Weekly,Poor,Bright,Moist,Yes,Yes,Brown
South,Weekly,Poor,Bright,Dry,No,No,Green
South,Rare,Good,Bright,Dry,No,No,Green
South,Weekly,Good,Bright,Moist,No,No,Green
East,Weekly,Good,Bright,Moist,No,No,Green
North,Weekly,Good,Low,Dry,No,No,Yellow
South,Weekly,Poor,Bright,Moist,No,No,Green
North,Weekly,Poor,Low,Dry,No,No,Yellow
South,Daily,Poor,Bright,Moist,No,No,Yellow
East,Weekly,Good,Bright,Moist,No,No,Green
North,Rare,Good,Low,Dry,No,No,Green
East,Daily,Good,Low,Moist,No,No,Yellow
North,Rare,Good,Low,Dry,No,No,Yellow
South,Weekly,Good,Bright,Moist,No,Yes,Green
South,Weekly,Good,Bright,Moist,No,No,Green
East,Daily,Good,Bright,Soggy,Yes,Yes,Brown
North,Weekly,Poor,Low,Moist,No,No,Yellow
East,Weekly,Good,Bright,Moist,No,No,Green
North,Daily,Good,Low,Soggy,Yes,Yes,Yellow
East,Daily,Good,Bright,Moist,No,No,Green
North,Weekly,Poor,Low,Moist,No,No,Yellow
North,Daily,Good,Low,Moist,No,Yes,Yellow
North,Weekly,Poor,Low,Moist,No,No,Brown
South,Weekly,Poor,Low,Dry,No,No,Green
South,Weekly,Good,Bright,Moist,No,No,Green
North,Weekly,Good,Low,Moist,No,No,Green
South,Weekly,Good,Bright,Moist,No,No,Yellow
North,Daily,Poor,Low,Moist,No,No,Green
East,Weekly,Poor,Bright,Moist,No,No,Green
North,Weekly,Good,Low,Moist,No,No,Green
East,Weekly,Good,Bright,Soggy,Yes,Yes,Yellow
East,Weekly,Poor,Bright,Soggy,No,No,Green
North,Weekly,Good,Bright,Moist,No,No,Yellow
North,Weekly,Good,Low,Moist,No,No,Green
East,Weekly,Good,Low,Moist,No,No,Green
South,Rare,Good,Low,Dry,No,No,Green
South,Weekly,Good,Low,Moist,No,Yes,Green
North,Weekly,Poor,Bright,Dry,No,No,Yellow
North,Rare,Good,Bright,Dry,No,No,Green
North,Weekly,Poor,Low,Moist,No,Yes,Yellow
North,Daily,Good,Low,Soggy,Yes,No,Brown
North,Weekly,Good,Low,Moist,No,No,Yellow
North,Daily,Good,Low,Moist,No,No,Green
East,Weekly,Good,Bright,Moist,No,Yes,Green
North,Weekly,Poor,Low,Moist,No,No,Green
East,Weekly,Good,Low,Soggy,No,Yes,Yellow
North,Rare,Poor,Low,Dry,No,No,Brown
North,Daily,Poor,Low,Soggy,Yes,Yes,Brown
East,Weekly,Poor,Low,Moist,No,Yes,Yellow
East,Weekly,Poor,Low,Moist,No,No,Yellow
East,Daily,Good,Bright,Moist,No,No,Green
North,Daily,Good,Low,Soggy,No,Yes,Yellow
East,Weekly,Poor,Bright,Soggy,Yes,Yes,Yellow
South,Daily,Good,Bright,Moist,No,Yes,Green
North,Rare,Poor,Low,Dry,No,No,Green
North,Weekly,Poor,Low,Soggy,Yes,Yes,Yellow
East,Rare,Good,Bright,Dry,No,No,Yellow
North,Daily,Good,Bright,Moist,Yes,No,Brown
North,Rare,Good,Bright,Dry,No,No,Green
South,Weekly,Good,Low,Moist,No,Yes,Brown
North,Weekly,Good,Bright,Soggy,No,Yes,Green
South,Rare,Good,Bright,Dry,No,No,Green
East,Weekly,Poor,Bright,Moist,No,No,Green
North,Weekly,Poor,Low,Soggy,No,Yes,Yellow
North,Daily,Poor,Low,Soggy,Yes,No,Brown
North,Daily,Poor,Low,Soggy,Yes,Yes,Yellow
East,Rare,Poor,Bright,Dry,No,No,Green
South,Weekly,Poor,Bright,Moist,No,Yes,Green
North,Weekly,Good,Low,Dry,No,No,Green
North,Weekly,Good,Low,Dry,No,No,Green
North,Rare,Good,Low,Dry,No,No,Yellow
North,Weekly,Good,Low,Moist,No,No,Green
North,Rare,Good,Low,Dry,No,No,Green
South,Rare,Good,Bright,Dry,No,No,Green
South,Daily,Good,Bright,Soggy,No,Yes,Yellow
South,Weekly,Good,Bright,Moist,No,No,Green
East,Daily,Poor,Bright,Soggy,Yes,Yes,Green
South,Weekly,Poor,Bright,Moist,No,No,Green
East,Daily,Good,Low,Soggy,Yes,Yes,Brown
North,Weekly,Poor,Low,Moist,No,No,Green
East,Rare,Good,Low,Dry,No,No,Green
North,Daily,Good,Low,Soggy,No,Yes,Yellow
East,Rare,Good,Low,Dry,No,Yes,Green
South,Daily,Poor,Bright,Moist,Yes,No,Yellow
North,Rare,Good,Bright,Dry,No,No,Yellow
North,Weekly,Poor,Low,Soggy,Yes,Yes,Brown
South,Weekly,Good,Low,Moist,No,No,Brown
East,Weekly,Good,Low,Dry,No,No,Green
North,Rare,Poor,Low,Dry,No,No,Green
North,Rare,Good,Low,Dry,No,No,Yellow
North,Weekly,Poor,Low,Moist,No,Yes,Yellow
South,Daily,Good,Bright,Soggy,Yes,Yes,Yellow
East,Weekly,Good,Low,Moist,No,Yes,Yellow
South,Rare,Poor,Bright,Dry,No,No,Green
East,Daily,Poor,Low,Soggy,Yes,Yes,Brown
South,Rare,Poor,Bright,Dry,No,No,Green
South,Weekly,Poor,Bright,Moist,No,Yes,Green
East,Weekly,Good,Low,Moist,No,No,Green
South,Weekly,Good,Bright,Moist,No,No,Green
North,Weekly,Good,Low,Moist,No,No,Yellow
North,Weekly,Poor,Low,Dry,No,No,Yellow
East,Daily,Poor,Low,Soggy,Yes,No,Brown
North,Rare,Good,Bright,Dry,No,No,Green
East,Daily,Good,Low,Moist,Yes,No,Yellow
East,Daily,Good,Low,Moist,No,No,Green
South,Weekly,Good,Low,Dry,No,No,Green
South,Rare,Good,Bright,Dry,No,No,Yellow
North,Daily,Good,Low,Soggy,No,No,Green
South,Weekly,Poor,Bright,Soggy,Yes,No,Green
East,Weekly,Good,Bright,Moist,No,No,Green
East,Weekly,Poor,Bright,Moist,No,No,Green
East,Weekly,Poor,Low,Moist,No,Yes,Green
South,Daily,Good,Bright,Moist,No,No,Green
North,Weekly,Poor,Low,Moist,No,No,Brown
North,Weekly,Poor,Low,Moist,No,No,Yellow
South,Weekly,Good,Bright,Moist,No,No,Green
East,Weekly,Good,Bright,Soggy,Yes,Yes,Green
East,Daily,Good,Bright,Moist,No,No,Green
North,Daily,Good,Bright,Soggy,Yes,No,Green
North,Weekly,Poor,Bright,Soggy,No,Yes,Green
East,Weekly,Good,Bright,Dry,No,No,Green
East,Weekly,Poor,Low,Moist,No,No,Green
East,Weekly,Good,Bright,Dry,No,No,Green
East,Rare,Good,Low,Dry,No,No,Yellow
East,Weekly,Poor,Bright,Dry,Yes,No,Green
North,Rare,Poor,Low,Dry,No,No,Green
East,Weekly,Good,Low,Dry,No,No,Brown
North,Weekly,Good,Low,Dry,No,No,Yellow
East,Weekly,Poor,Low,Moist,No,Yes,Green
East,Weekly,Good,Bright,Moist,No,No,Green
East,Rare,Poor,Bright,Dry,No,No,Green
East,Weekly,Good,Bright,Moist,No,No,Yellow
South,Daily,Good,Bright,Moist,No,No,Green
South,Rare,Good,Bright,Dry,No,No,Green
North,Rare,Good,Low,Dry,No,No,Green
East,Rare,Poor,Low,Dry,No,No,Green
North,Weekly,Poor,Low,Moist,No,No,Green
North,Weekly,Good,Low,Soggy,No,Yes,Green
East,Rare,Poor,Low,Moist,No,No,Yellow
South,Rare,Good,Bright,Moist,No,No,Green
South,Weekly,Good,Bright,Moist,No,Yes,Green
North,Rare,Good,Low,Dry,No,Yes,Green
North,Daily,Good,Low,Moist,No,Yes,Green
East,Rare,Good,Bright,Dry,No,No,Green
South,Daily,Good,Bright,Dry,No,No,Green
North,Rare,Good,Low,Dry,No,No,Yellow
North,Weekly,Good,Bright,Moist,No,No,Green
East,Daily,Poor,Bright,Soggy,No,Yes,Green
East,Rare,Poor,Bright,Dry,No,No,Green
South,Rare,Good,Bright,Dry,No,No,Green
North,Daily,Good,Low,Soggy,No,Yes,Yellow
East,Daily,Poor,Low,Soggy,No,Yes,Green
South,Weekly,Good,Bright,Moist,No,No,Green
North,Rare,Poor,Bright,Dry,No,No,Yellow
North,Weekly,Good,Low,Moist,No,No,Brown
North,Weekly,Good,Low,Moist,No,No,Green
South,Daily,Poor,Bright,Moist,Yes,No,Yellow
East,Rare,Good,Low,Dry,No,No,Green
North,Weekly,Good,Bright,Dry,No,No,Green
East,Weekly,Good,Low,Moist,No,No,Yellow
South,Daily,Poor,Bright,Soggy,No,No,Green
South,Weekly,Good,Bright,Moist,No,No,Green
North,Weekly,Good,Bright,Soggy,Yes,No,Brown
East,Weekly,Poor,Bright,Moist,No,No,Green
North,Weekly,Good,Low,Moist,No,Yes,Yellow
South,Weekly,Good,Bright,Moist,No,No,Green
South,Weekly,Good,Bright,Moist,No,No,Green
East,Rare,Good,Low,Dry,No,No,Green
South,Daily,Good,Bright,Moist,No,No,Green
East,Weekly,Poor,Low,Soggy,Yes,Yes,Brown
East,Weekly,Poor,Bright,Moist,No,No,Green
North,Weekly,Poor,Bright,Moist,No,No,Green
East,Weekly,Good,Bright,Moist,No,No,Green
North,Daily,Good,Low,Moist,No,No,Yellow
East,Rare,Poor,Low,Moist,No,No,Green
North,Weekly,Good,Low,Moist,No,No,Yellow
North,Rare,Poor,Low,Dry,No,Yes,Yellow
East,Daily,Poor,Low,Moist,No,Yes,Yellow
East,Daily,Good,Bright,Moist,No,No,Green
East,Daily,Good,Bright,Soggy,Yes,No,Yellow
North,Daily,Good,Bright,Moist,Yes,Yes,Yellow
East,Weekly,Poor,Bright,Moist,No,No,Green
East,Weekly,Good,Low,Moist,No,No,Yellow
East,Daily,Poor,Bright,Soggy,Yes,Yes,Green
North,Weekly,Poor,Low,Moist,No,Yes,Green
North,Daily,Poor,Low,Moist,No,Yes,Green
East,Daily,Good,Low,Soggy,No,Yes,Yellow
North,Weekly,Good,Low,Dry,No,No,Yellow
South,Weekly,Good,Low,Moist,No,No,Green
North,Weekly,Poor,Low,Soggy,No,Yes,Brown
North,Weekly,Poor,Low,Soggy,No,No,Green
East,Weekly,Poor,Low,Soggy,No,Yes,Green
North,Weekly,Good,Bright,Moist,Yes,No,Yellow
South,Weekly,Good,Low,Moist,No,No,Green
South,Daily,Poor,Bright,Moist,No,No,Green
South,Weekly,Good,Bright,Moist,No,No,Green
East,Weekly,Poor,Bright,Soggy,Yes,Yes,Brown
South,Weekly,Good,Bright,Dry,No,No,Green
North,Daily,Good,Low,Soggy,Yes,Yes,Yellow
East,Daily,Good,Low,Soggy,Yes,No,Green
North,Weekly,Good,Low,Dry,No,No,Yellow
East,Weekly,Good,Low,Dry,No,No,Green
South,Weekly,Good,Bright,Dry,No,No,Yellow
East,Rare,Good,Bright,Dry,No,No,Green
East,Weekly,Good,Bright,Moist,No,No,Green
East,Rare,Good,Bright,Dry,No,No,Green
East,Daily,Good,Low,Moist,No,Yes,Brown
East,Daily,Good,Low,Moist,No,Yes,Green
East,Weekly,Good,Bright,Soggy,Yes,Yes,Brown
East,Daily,Good,Bright,Moist,No,No,Green
North,Rare,Good,Low,Dry,No,Yes,Green
East,Rare,Good,Bright,Dry,No,No,Green
East,Weekly,Poor,Bright,Moist,No,Yes,Green
North,Rare,Good,Low,Dry,No,No,Yellow
North,Rare,Poor,Low,Soggy,Yes,Yes,Yellow
South,Daily,Good,Bright,Moist,No,No,Green
North,Weekly,Good,Bright,Moist,No,No,Green
North,Daily,Good,Bright,Soggy,No,No,Green
South,Weekly,Good,Low,Dry,No,No,Yellow
North,Weekly,Poor,Bright,Moist,Yes,No,Yellow
North,Rare,Good,Low,Dry,No,No,Green
South,Weekly,Good,Bright,Dry,No,No,Green
East,Weekly,Good,Bright,Moist,No,No,Green
South,Weekly,Good,Bright,Moist,No,No,Green
South,Weekly,Good,Bright,Moist,No,Yes,Green
North,Weekly,Poor,Low,Soggy,Yes,Yes,Brown
North,Rare,Good,Low,Dry,No,No,Green
South,Weekly,Poor,Bright,Moist,No,No,Green
North,Weekly,Poor,Bright,Moist,No,No,Yellow
East,Rare,Good,Low,Dry,No,No,Brown
South,Weekly,Good,Low,Moist,No,No,Green
North,Daily,Poor,Bright,Soggy,Yes,Yes,Green
South,Rare,Good,Bright,Dry,No,No,Green
East,Daily,Good,Low,Moist,No,No,Yellow
East,Weekly,Good,Low,Moist,No,No,Brown
North,Weekly,Poor,Low,Moist,No,No,Yellow
East,Rare,Poor,Bright,Dry,No,No,Green
South,Rare,Poor,Bright,Dry,No,No,Green
North,Weekly,Good,Bright,Moist,No,No,Green
North,Daily,Poor,Low,Moist,No,No,Green
North,Weekly,Good,Low,Moist,No,No,Yellow
North,Weekly,Good,Low,Moist,No,No,Green
East,Daily,Good,Low,Soggy,Yes,Yes,Brown
South,Daily,Good,Bright,Moist,No,Yes,Green
North,Daily,Good,Low,Moist,No,No,Green
East,Rare,Poor,Bright,Moist,No,No,Green
East,Weekly,Poor,Bright,Moist,No,No,Green
North,Weekly,Good,Bright,Moist,No,No,Green
East,Rare,Poor,Bright,Moist,No,No,Yellow
East,Weekly,Good,Low,Moist,No,No,Green
North,Daily,Good,Low,Soggy,Yes,Yes,Brown
South,Weekly,Good,Bright,Moist,No,No,Green
East,Weekly,Good,Bright,Soggy,No,Yes,Green
North,Daily,Good,Bright,Moist,No,No,Yellow
South,Weekly,Poor,Low,Moist,No,Yes,Green
East,Rare,Poor,Bright,Moist,No,No,Green
North,Rare,Good,Low,Dry,No,No,Yellow
South,Rare,Poor,Bright,Dry,No,No,Green
East,Rare,Good,Low,Dry,No,No,Green
North,Daily,Good,Low,Moist,No,No,Green
North,Weekly,Good,Low,Moist,No,No,Yellow
North,Rare,Good,Bright,Dry,No,No,Green
North,Weekly,Good,Low,Moist,No,No,Yellow
North,Weekly,Good,Low,Soggy,Yes,Yes,Green
North,Daily,Good,Low,Soggy,No,Yes,Green
South,Daily,Poor,Bright,Moist,No,No,Green
East,Rare,Good,Low,Dry,No,No,Brown
North,Rare,Good,Low,Dry,No,No,Yellow
North,Weekly,Good,Low,Moist,No,No,Green
East,Rare,Poor,Bright,Dry,No,No,Green
North,Weekly,Good,Low,Moist,No,No,Yellow
East,Weekly,Good,Low,Moist,No,No,Green
East,Weekly,Poor,Low,Dry,No,No,Green
South,Rare,Poor,Bright,Dry,No,No,Green
East,Weekly,Poor,Bright,Soggy,Yes,Yes,Brown
East,Weekly,Poor,Bright,Dry,No,No,Green
East,Rare,Good,Low,Dry,No,No,Green
North,Daily,Poor,Low,Soggy,Yes,Yes,Brown
East,Weekly,Good,Bright,Moist,No,No,Green
East,Daily,Good,Bright,Soggy,Yes,Yes,Green
North,Rare,Good,Low,Dry,No,No,Yellow
North,Weekly,Poor,Low,Soggy,Yes,Yes,Brown
South,Daily,Good,Bright,Soggy,Yes,Yes,Yellow
North,Weekly,Good,Low,Moist,No,Yes,Brown
South,Rare,Good,Bright,Dry,No,No,Green
North,Weekly,Good,Bright,Dry,No,No,Green
North,Weekly,Good,Low,Moist,No,No,Yellow
South,Weekly,Good,Bright,Dry,No,Yes,Green
East,Daily,Good,Low,Soggy,Yes,Yes,Brown
East,Weekly,Good,Low,Moist,No,No,Yellow
South,Weekly,Poor,Bright,Moist,No,No,Green
East,Weekly,Poor,Bright,Moist,No,Yes,Green
East,Rare,Good,Bright,Dry,No,No,Green
East,Daily,Good,Bright,Soggy,No,No,Green
East,Rare,Poor,Low,Moist,No,No,Green
North,Daily,Poor,Low,Soggy,No,Yes,Yellow
East,Daily,Good,Low,Dry,No,No,Green
South,Weekly,Good,Bright,Moist,No,No,Yellow
East,Daily,Poor,Bright,Soggy,No,Yes,Green
South,Weekly,Good,Low,Soggy,No,No,Yellow
South,Daily,Good,Bright,Dry,No,No,Green
South,Weekly,Good,Bright,Moist,No,No,Green
East,Weekly,Poor,Low,Moist,No,No,Green
East,Weekly,Poor,Low,Moist,No,No,Yellow
South,Weekly,Poor,Bright,Moist,No,Yes,Green
East,Rare,Good,Bright,Dry,No,No,Green
North,Weekly,Poor,Bright,Soggy,Yes,Yes,Yellow
North,Weekly,Poor,Low,Soggy,Yes,Yes,Yellow
North,Rare,Poor,Low,Moist,No,No,Yellow
South,Rare,Poor,Bright,Dry,No,Yes,Yellow
North,Weekly,Good,Low,Moist,No,Yes,Green
North,Rare,Poor,Low,Dry,No,No,Yellow
South,Rare,Good,Bright,Dry,No,No,Green
North,Daily,Good,Bright,Moist,No,Yes,Yellow
North,Weekly,Poor,Low,Dry,No,No,Green
North,Rare,Poor,Low,Dry,No,No,Yellow
North,Daily,Good,Low,Soggy,No,Yes,Green
East,Daily,Poor,Low,Soggy,Yes,Yes,Brown
North,Daily,Poor,Low,Soggy,Yes,Yes,Brown
East,Weekly,Good,Bright,Soggy,Yes,No,Yellow
North,Daily,Good,Low,Moist,No,No,Green
North,Daily,Good,Low,Soggy,Yes,Yes,Yellow
South,Weekly,Good,Bright,Dry,No,No,Green
North,Weekly,Poor,Low,Moist,No,No,Green
North,Weekly,Good,Low,Moist,No,Yes,Brown
East,Weekly,Good,Low,Dry,No,No,Green
North,Daily,Poor,Low,Soggy,No,Yes,Yellow
East,Daily,Good,Bright,Soggy,No,Yes,Green
North,Daily,Good,Low,Soggy,No,Yes,Green
East,Weekly,Good,Bright,Moist,No,No,Yellow
North,Weekly,Good,Low,Dry,No,No,Green
East,Weekly,Poor,Low,Moist,No,No,Green
North,Daily,Good,Low,Soggy,No,Yes,Brown
North,Weekly,Good,Low,Moist,Yes,No,Yellow
East,Daily,Good,Bright,Soggy,No,Yes,Green
South,Rare,Good,Bright,Dry,No,No,Green
South,Rare,Good,Bright,Dry,No,No,Green
South,Weekly,Poor,Bright,Moist,Yes,No,Yellow
East,Weekly,Poor,Bright,Soggy,Yes,Yes,Brown
East,Weekly,Poor,Low,Dry,No,No,Green
East,Weekly,Good,Low,Moist,No,No,Green
East,Daily,Good,Bright,Moist,No,No,Green
South,Weekly,Good,Bright,Dry,No,No,Green
North,Weekly,Good,Bright,Moist,No,No,Green
East,Weekly,Good,Bright,Dry,No,No,Green
South,Rare,Good,Bright,Dry,No,No,Green
North,Weekly,Poor,Bright,Moist,No,No,Green
North,Weekly,Poor,Low,Soggy,No,No,Yellow
South,Weekly,Poor,Bright,Soggy,Yes,Yes,Brown
North,Daily,Good,Low,Moist,No,No,Green
South,Daily,Poor,Bright,Moist,No,Yes,Green
South,Weekly,Good,Bright,Moist,No,Yes,Green
North,Weekly,Poor,Low,Moist,Yes,No,Yellow
South,Weekly,Good,Bright,Dry,No,No,Green
North,Daily,Good,Bright,Soggy,Yes,Yes,Green
North,Weekly,Poor,Low,Moist,No,Yes,Green
South,Weekly,Good,Low,Moist,No,No,Yellow
South,Weekly,Good,Bright,Moist,No,No,Green
South,Daily,Poor,Low,Soggy,No,No,Brown
East,Weekly,Good,Bright,Moist,No,No,Green
South,Rare,Good,Bright,Dry,No,No,Green
East,Weekly,Poor,Bright,Moist,Yes,No,Brown
South,Daily,Good,Bright,Soggy,No,Yes,Green
East,Weekly,Poor,Bright,Soggy,Yes,No,Yellow
North,Rare,Good,Low,Dry,No,No,Yellow
South,Weekly,Good,Bright,Dry,No,No,Green
South,Weekly,Good,Bright,Dry,No,Yes,Green
South,Weekly,Good,Bright,Moist,No,No,Green
East,Rare,Poor,Bright,Moist,No,No,Green
North,Weekly,Poor,Low,Dry,No,No,Green
South,Weekly,Good,Bright,Moist,No,Yes,Green
East,Weekly,Poor,Low,Soggy,Yes,Yes,Brown
North,Daily,Good,Low,Moist,No,Yes,Green
North,Weekly,Good,Low,Moist,No,No,Green
North,Weekly,Good,Low,Moist,No,No,Yellow
South,Rare,Good,Bright,Dry,No,Yes,Green
North,Rare,Good,Bright,Moist,No,No,Green
South,Daily,Good,Bright,Moist,No,No,Yellow
North,Weekly,Good,Bright,Dry,No,No,Green
East,Weekly,Poor,Bright,Moist,No,No,Green
North,Rare,Good,Low,Dry,No,No,Yellow
East,Daily,Poor,Bright,Soggy,No,No,Green
North,Weekly,Poor,Bright,Moist,No,No,Green
South,Weekly,Poor,Bright,Moist,No,No,Yellow
North,Weekly,Good,Low,Moist,No,No,Green
East,Weekly,Good,Bright,Moist,No,No,Green
East,Daily,Poor,Low,Soggy,Yes,No,Brown
East,Rare,Good,Low,Dry,No,No,Brown
North,Rare,Good,Low,Dry,No,No,Yellow
North,Weekly,Good,Bright,Moist,No,No,Green
South,Daily,Good,Bright,Moist,Yes,No,Green
North,Daily,Good,Low,Moist,No,No,Green
North,Weekly,Good,Bright,Moist,Yes,Yes,Brown
South,Weekly,Poor,Low,Moist,No,No,Yellow
South,Daily,Poor,Low,Soggy,Yes,No,Green
East,Daily,Poor,Low,Soggy,Yes,Yes,Brown
East,Daily,Poor,Bright,Soggy,Yes,Yes,Green
South,Weekly,Good,Bright,Dry,No,No,Yellow
East,Weekly,Good,Bright,Moist,No,No,Green
North,Daily,Good,Low,Soggy,Yes,Yes,Brown
East,Weekly,Good,Low,Moist,Yes,No,Yellow
East,Daily,Good,Bright,Moist,No,No,Green
East,Weekly,Poor,Bright,Moist,No,No,Green
South,Weekly,Good,Low,Moist,No,No,Green
North,Rare,Poor,Bright,Dry,Yes,No,Brown
South,Rare,Good,Bright,Dry,No,No,Green
East,Rare,Poor,Bright,Dry,Yes,No,Yellow
East,Weekly,Good,Bright,Moist,No,No,Yellow
East,Rare,Poor,Low,Dry,No,No,Green
North,Weekly,Poor,Low,Moist,No,No,Green
North,Weekly,Good,Low,Dry,No,No,Brown
North,Weekly,Good,Bright,Moist,No,No,Green
East,Rare,Good,Bright,Dry,No,No,Green
East,Daily,Good,Low,Soggy,No,No,Green
South,Rare,Good,Bright,Moist,No,Yes,Brown
North,Weekly,Good,Low,Moist,No,No,Yellow
East,Weekly,Poor,Low,Dry,No,No,Green
East,Daily,Poor,Bright,Soggy,Yes,Yes,Green
South,Weekly,Good,Bright,Moist,No,No,Green
East,Weekly,Good,Bright,Moist,No,No,Green
East,Weekly,Poor,Low,Moist,No,No,Yellow
East,Daily,Good,Bright,Moist,No,No,Green
East,Weekly,Good,Low,Moist,No,No,Brown
South,Daily,Poor,Bright,Soggy,Yes,No,Yellow
South,Weekly,Poor,Low,Moist,No,No,Green
East,Weekly,Poor,Low,Soggy,Yes,Yes,Green
North,Daily,Good,Low,Moist,No,No,Green
East,Weekly,Poor,Bright,Moist,No,No,Green
North,Weekly,Good,Bright,Soggy,Yes,Yes,Green
North,Weekly,Good,Low,Moist,No,No,Green
North,Rare,Good,Low,Dry,No,No,Yellow
South,Weekly,Good,Bright,Soggy,Yes,Yes,Yellow
North,Rare,Good,Low,Dry,No,No,Yellow
East,Rare,Good,Bright,Dry,No,No,Green
North,Rare,Poor,Low,Moist,No,No,Yellow
North,Weekly,Poor,Low,Dry,No,No,Yellow
East,Weekly,Poor,Low,Dry,Yes,No,Brown
East,Rare,Good,Low,Dry,No,No,Yellow
South,Weekly,Good,Low,Moist,No,Yes,Green
East,Daily,Good,Low,Soggy,Yes,No,Brown
South,Rare,Poor,Bright,Moist,No,No,Green
South,Rare,Good,Bright,Dry,No,No,Green
East,Daily,Poor,Low,Soggy,No,No,Green
North,Rare,Good,Low,Dry,No,No,Green
North,Weekly,Good,Bright,Moist,No,Yes,Green
North,Rare,Good,Bright,Dry,No,No,Green
East,Rare,Good,Low,Dry,No,No,Green
North,Weekly,Good,Low,Moist,No,No,Yellow
East,Weekly,Poor,Low,Moist,No,No,Yellow
North,Rare,Good,Low,Dry,Yes,No,Yellow
East,Weekly,Good,Low,Moist,No,No,Green
South,Rare,Good,Bright,Dry,No,No,Green
North,Daily,Good,Low,Moist,Yes,No,Yellow
North,Rare,Good,Low,Dry,No,No,Yellow
North,Weekly,Good,Low,Moist,No,No,Green
South,Daily,Poor,Bright,Moist,No,Yes,Green
East,Rare,Good,Bright,Dry,No,Yes,Green
North,Weekly,Good,Bright,Moist,No,No,Yellow
North,Weekly,Good,Bright,Moist,No,No,Yellow
North,Daily,Good,Bright,Moist,Yes,Yes,Brown
North,Daily,Good,Low,Moist,No,No,Yellow
East,Weekly,Good,Bright,Moist,No,No,Green
East,Weekly,Good,Bright,Moist,No,Yes,Yellow
South,Daily,Good,Bright,Moist,No,No,Green
South,Weekly,Poor,Bright,Moist,No,No,Green
East,Weekly,Good,Bright,Moist,No,No,Green
North,Daily,Good,Low,Moist,No,No,Brown
South,Weekly,Poor,Bright,Soggy,Yes,Yes,Brown
North,Rare,Poor,Low,Dry,No,No,Green
South,Weekly,Good,Bright,Moist,No,Yes,Green
South,Weekly,Poor,Bright,Soggy,No,No,Green
South,Weekly,Poor,Bright,Soggy,Yes,Yes,Green
North,Weekly,Good,Low,Dry,No,No,Green
East,Weekly,Poor,Bright,Soggy,No,Yes,Yellow
South,Daily,Poor,Bright,Soggy,No,Yes,Yellow
East,Daily,Good,Bright,Moist,No,No,Yellow
South,Weekly,Poor,Bright,Soggy,Yes,No,Brown
North,Weekly,Poor,Low,Soggy,No,Yes,Green
East,Weekly,Good,Bright,Moist,No,No,Green
East,Rare,Good,Low,Soggy,No,No,Green
South,Rare,Poor,Bright,Dry,No,Yes,Green
East,Weekly,Poor,Low,Moist,No,No,Yellow
North,Weekly,Poor,Low,Soggy,Yes,No,Brown
East,Rare,Good,Bright,Dry,No,No,Brown
North,Weekly,Poor,Bright,Moist,No,No,Green
North,Weekly,Poor,Low,Moist,No,No,Yellow
East,Daily,Good,Bright,Soggy,Yes,No,Brown
South,Daily,Good,Bright,Moist,No,No,Green
East,Weekly,Good,Bright,Dry,No,No,Green
East,Weekly,Poor,Bright,Moist,No,Yes,Green
East,Rare,Poor,Bright,Dry,No,No,Green
East,Weekly,Poor,Bright,Dry,No,No,Green
South,Daily,Poor,Bright,Soggy,Yes,No,Brown
East,Daily,Good,Bright,Dry,No,Yes,Yellow
East,Daily,Poor,Low,Soggy,Yes,Yes,Yellow
North,Weekly,Good,Bright,Dry,No,No,Green
North,Weekly,Poor,Bright,Moist,No,Yes,Brown
North,Rare,Poor,Low,Dry,No,No,Brown
North,Rare,Poor,Bright,Dry,No,No,Green
East,Weekly,Poor,Low,Moist,No,No,Yellow
North,Rare,Good,Low,Dry,No,No,Brown
East,Weekly,Good,Bright,Moist,No,Yes,Green
South,Daily,Poor,Bright,Soggy,No,Yes,Green
North,Weekly,Good,Low,Moist,No,No,Yellow
North,Weekly,Good,Low,Moist,No,No,Yellow
East,Rare,Poor,Bright,Dry,No,No,Green
North,Weekly,Poor,Low,Moist,No,Yes,Green
North,Weekly,Good,Low,Moist,No,No,Brown
East,Daily,Good,Bright,Moist,No,No,Green
North,Weekly,Poor,Low,Moist,No,No,Green
South,Weekly,Good,Bright,Moist,No,Yes,Green
East,Weekly,Good,Bright,Moist,No,No,Green
South,Rare,Good,Low,Moist,No,Yes,Yellow
North,Weekly,Good,Low,Dry,No,No,Yellow
North,Weekly,Poor,Low,Soggy,Yes,Yes,Green
South,Weekly,Good,Bright,Dry,No,No,Green
East,Daily,Poor,Bright,Soggy,No,Yes,Green
South,Daily,Good,Bright,Soggy,Yes,Yes,Brown
North,Weekly,Poor,Bright,Dry,No,Yes,Yellow
North,Weekly,Good,Bright,Moist,No,No,Green
East,Weekly,Good,Low,Dry,No,No,Yellow
North,Weekly,Good,Low,Dry,No,No,Yellow
North,Weekly,Good,Low,Dry,No,No,Green
North,Weekly,Good,Bright,Moist,No,No,Green
East,Weekly,Good,Low,Soggy,No,Yes,Green
North,Rare,Good,Low,Dry,No,No,Green
South,Rare,Good,Bright,Dry,No,No,Yellow
East,Weekly,Poor,Bright,Soggy,No,No,Green
North,Weekly,Poor,Low,Moist,No,No,Brown
East,Weekly,Poor,Bright,Moist,No,Yes,Green
East,Weekly,Good,Bright,Moist,No,No,Green
North,Weekly,Good,Low,Moist,No,Yes,Green
East,Weekly,Good,Bright,Moist,No,No,Green
North,Weekly,Poor,Low,Moist,No,No,Yellow
South,Weekly,Good,Bright,Soggy,Yes,No,Yellow
East,Daily,Good,Low,Soggy,No,No,Yellow
North,Weekly,Poor,Low,Soggy,Yes,No,Brown
North,Daily,Poor,Low,Soggy,Yes,Yes,Brown
North,Rare,Good,Low,Moist,No,Yes,Yellow
North,Weekly,Poor,Low,Moist,Yes,No,Brown
East,Rare,Good,Low,Dry,No,No,Green
East,Weekly,Poor,Low,Soggy,Yes,Yes,Yellow
East,Weekly,Good,Bright,Moist,No,Yes,Green
East,Weekly,Good,Low,Soggy,Yes,No,Yellow
East,Rare,Poor,Bright,Moist,No,No,Green
East,Rare,Good,Bright,Dry,No,No,Green
North,Daily,Good,Bright,Soggy,No,Yes,Green
North,Daily,Poor,Low,Moist,No,No,Yellow
North,Rare,Poor,Low,Moist,No,No,Green
East,Weekly,Poor,Bright,Moist,No,No,Green
North,Weekly,Poor,Low,Moist,No,Yes,Green
East,Weekly,Good,Bright,Moist,No,No,Green
North,Weekly,Poor,Low,Soggy,Yes,Yes,Brown
North,Daily,Good,Low,Moist,No,No,Green
East,Daily,Poor,Bright,Soggy,Yes,Yes,Green
South,Weekly,Poor,Bright,Moist,No,No,Green
South,Daily,Good,Bright,Soggy,Yes,Yes,Brown
East,Rare,Poor,Low,Soggy,No,Yes,Yellow
North,Daily,Poor,Low,Moist,No,Yes,Green
South,Rare,Good,Bright,Dry,No,No,Yellow
East,Rare,Good,Low,Dry,No,No,Yellow
South,Weekly,Good,Bright,Soggy,Yes,No,Brown
South,Rare,Good,Bright,Dry,No,No,Green
North,Daily,Good,Low,Soggy,Yes,Yes,Brown
South,Rare,Good,Bright,Dry,No,No,Green
North,Weekly,Good,Bright,Dry,No,No,Green
East,Weekly,Good,Bright,Moist,No,Yes,Yellow
North,Daily,Good,Bright,Moist,No,Yes,Green
North,Daily,Good,Low,Moist,No,Yes,Green
East,Weekly,Poor,Bright,Moist,No,No,Green
North,Rare,Poor,Bright,Moist,No,Yes,Green
South,Rare,Good,Bright,Dry,No,Yes,Brown
East,Weekly,Poor,Low,Moist,No,No,Yellow
North,Rare,Good,Low,Dry,No,No,Green
North,Daily,Good,Low,Soggy,Yes,Yes,Brown
East,Daily,Good,Low,Soggy,Yes,Yes,Yellow
East,Weekly,Good,Bright,Dry,No,No,Green
South,Daily,Good,Bright,Moist,No,No,Yellow
North,Weekly,Good,Low,Moist,No,No,Green
South,Daily,Poor,Bright,Soggy,Yes,Yes,Green
North,Rare,Poor,Bright,Moist,No,No,Green
South,Weekly,Good,Bright,Moist,No,No,Yellow
South,Weekly,Poor,Bright,Moist,No,Yes,Green
North,Daily,Good,Bright,Soggy,Yes,Yes,Green
South,Rare,Good,Bright,Dry,No,No,Green
North,Daily,Poor,Bright,Soggy,Yes,Yes,Yellow
South,Weekly,Good,Bright,Dry,No,No,Green
North,Daily,Good,Low,Moist,No,No,Green
East,Daily,Good,Bright,Moist,No,No,Yellow
South,Daily,Poor,Bright,Soggy,Yes,No,Brown
North,Weekly,Good,Low,Moist,No,Yes,Green
North,Rare,Good,Low,Moist,Yes,No,Brown
South,Weekly,Good,Low,Soggy,Yes,Yes,Yellow
East,Weekly,Poor,Low,Moist,No,Yes,Green
North,Weekly,Good,Low,Moist,No,No,Green
North,Weekly,Good,Low,Moist,No,No,Brown
North,Weekly,Good,Low,Moist,Yes,No,Yellow
North,Weekly,Poor,Low,Soggy,No,No,Green
North,Weekly,Good,Low,Moist,No,No,Yellow
South,Rare,Good,Bright,Dry,No,No,Green
East,Weekly,Good,Bright,Dry,No,No,Green
North,Daily,Poor,Low,Soggy,Yes,Yes,Brown
North,Weekly,Good,Low,Moist,No,No,Green
East,Weekly,Good,Low,Moist,No,No,Green
East,Daily,Good,Bright,Soggy,No,No,Green
East,Weekly,Poor,Bright,Moist,No,No,Green
East,Weekly,Poor,Bright,Soggy,Yes,No,Green
East,Rare,Poor,Bright,Moist,No,Yes,Green
East,Daily,Good,Bright,Moist,No,No,Green
North,Daily,Poor,Bright,Moist,Yes,No,Green
South,Daily,Poor,Bright,Moist,Yes,No,Green
South,Daily,Good,Bright,Moist,No,No,Green
East,Daily,Good,Bright,Moist,No,No,Green
East,Daily,Good,Bright,Moist,No,No,Green
South,Weekly,Good,Bright,Moist,No,No,Green
North,Weekly,Good,Bright,Soggy,Yes,No,Green
East,Weekly,Good,Bright,Moist,No,No,Green
East,Rare,Good,Bright,Dry,No,No,Green
East,Rare,Good,Bright,Dry,No,No,Green
North,Weekly,Good,Bright,Dry,No,No,Green
South,Weekly,Good,Bright,Dry,No,No,Yellow
North,Weekly,Poor,Low,Soggy,No,No,Yellow
North,Weekly,Good,Low,Moist,No,No,Yellow
East,Rare,Poor,Bright,Dry,No,No,Yellow
East,Weekly,Poor,Bright,Moist,No,Yes,Green
North,Daily,Poor,Low,Soggy,No,Yes,Yellow
North,Daily,Poor,Low,Soggy,Yes,Yes,Yellow
South,Weekly,Good,Bright,Soggy,No,Yes,Green
North,Weekly,Good,Low,Moist,Yes,Yes,Yellow
East,Rare,Good,Bright,Dry,No,No,Green
North,Weekly,Poor,Bright,Moist,No,No,Green
East,Weekly,Poor,Low,Moist,No,Yes,Brown
East,Weekly,Good,Low,Moist,No,No,Yellow
East,Daily,Good,Low,Moist,No,No,Green
North,Rare,Poor,Low,Dry,No,No,Green
North,Weekly,Good,Low,Moist,No,No,Green
East,Rare,Good,Low,Dry,Yes,No,Brown
South,Weekly,Good,Bright,Moist,No,Yes,Green
South,Daily,Good,Bright,Moist,No,Yes,Green
North,Rare,Poor,Low,Dry,No,No,Brown
North,Weekly,Good,Low,Moist,No,Yes,Green
North,Weekly,Good,Low,Moist,No,No,Green
East,Weekly,Good,Low,Dry,No,No,Yellow
North,Weekly,Poor,Low,Moist,No,No,Yellow
South,Weekly,Poor,Bright,Moist,No,Yes,Green
North,Weekly,Good,Bright,Moist,No,No,Green
North,Weekly,Poor,Low,Dry,No,No,Green
East,Daily,Good,Bright,Moist,No,No,Green
South,Rare,Good,Bright,Dry,No,No,Green
North,Daily,Good,Low,Moist,No,Yes,Brown
North,Daily,Good,Low,Moist,No,No,Green
North,Weekly,Good,Low,Moist,No,No,Green
North,Weekly,Poor,Low,Soggy,No,No,Green
East,Weekly,Good,Bright,Moist,No,No,Green
North,Weekly,Poor,Low,Soggy,Yes,No,Yellow
East,Weekly,Good,Bright,Soggy,Yes,Yes,Yellow
East,Daily,Good,Low,Moist,No,No,Yellow
East,Weekly,Good,Bright,Moist,No,No,Green
North,Rare,Good,Low,Dry,No,No,Yellow
North,Weekly,Good,Bright,Moist,No,No,Green
East,Daily,Good,Bright,Moist,No,No,Green
East,Rare,Good,Low,Dry,No,No,Green
North,Weekly,Good,Low,Moist,No,No,Brown
North,Rare,Good,Low,Dry,No,No,Green
South,Weekly,Poor,Bright,Moist,No,No,Green
North,Weekly,Good,Low,Soggy,Yes,No,Yellow
East,Daily,Good,Low,Soggy,Yes,Yes,Brown
North,Weekly,Good,Low,Moist,No,No,Yellow
North,Weekly,Good,Low,Moist,No,No,Green
South,Weekly,Good,Bright,Moist,No,No,Green
North,Weekly,Good,Low,Moist,No,Yes,Green
East,Weekly,Poor,Bright,Soggy,Yes,Yes,Green
East,Rare,Good,Low,Dry,Yes,No,Green
East,Weekly,Poor,Low,Moist,No,Yes,Green
North,Rare,Good,Bright,Dry,No,No,Green
East,Rare,Good,Bright,Dry,No,No,Yellow
North,Weekly,Poor,Low,Moist,No,No,Green
East,Weekly,Good,Bright,Soggy,Yes,Yes,Yellow
North,Weekly,Poor,Bright,Moist,No,No,Green
North,Rare,Poor,Low,Dry,No,No,Green
North,Daily,Good,Low,Moist,No,No,Green
North,Weekly,Good,Low,Dry,No,No,Green
East,Weekly,Good,Bright,Moist,No,No,Green
East,Rare,Poor,Bright,Moist,No,No,Green
South,Rare,Poor,Bright,Dry,No,No,Yellow
South,Daily,Poor,Bright,Soggy,Yes,Yes,Yellow
North,Weekly,Poor,Low,Moist,No,No,Green
South,Weekly,Good,Low,Dry,No,No,Green
South,Daily,Good,Bright,Moist,No,Yes,Green
North,Daily,Good,Low,Soggy,Yes,Yes,Green
North,Weekly,Poor,Low,Moist,No,No,Green
East,Daily,Poor,Low,Soggy,No,Yes,Green
East,Weekly,Poor,Low,Moist,No,No,Brown
East,Daily,Good,Low,Moist,No,No,Green
East,Weekly,Poor,Bright,Moist,No,No,Green
North,Weekly,Good,Low,Moist,No,No,Green
North,Weekly,Poor,Low,Soggy,Yes,No,Brown
North,Rare,Poor,Low,Dry,No,No,Green
East,Weekly,Good,Bright,Dry,No,No,Green
North,Rare,Good,Low,Dry,No,No,Yellow
North,Weekly,Good,Low,Moist,No,Yes,Green
South,Rare,Poor,Bright,Moist,No,No,Green
East,Weekly,Good,Bright,Moist,No,Yes,Green
North,Weekly,Good,Low,Moist,No,Yes,Green
East,Daily,Poor,Bright,Soggy,Yes,Yes,Yellow
North,Daily,Good,Low,Moist,No,No,Yellow
East,Weekly,Poor,Bright,Moist,No,No,Green
North,Weekly,Poor,Low,Soggy,Yes,Yes,Yellow
North,Weekly,Good,Low,Dry,No,Yes,Yellow
East,Daily,Good,Low,Soggy,No,Yes,Green
East,Weekly,Poor,Low,Soggy,Yes,No,Brown
South,Rare,Good,Bright,Moist,No,Yes,Green
North,Weekly,Poor,Low,Moist,No,No,Yellow
East,Weekly,Good,Bright,Dry,No,No,Green
East,Daily,Poor,Bright,Moist,No,No,Brown
East,Weekly,Good,Bright,Moist,No,No,Yellow
East,Daily,Poor,Low,Moist,No,No,Yellow
North,Rare,Poor,Low,Moist,No,No,Green
North,Weekly,Good,Low,Moist,No,Yes,Yellow
North,Rare,Good,Low,Dry,No,No,Yellow
East,Weekly,Good,Bright,Moist,No,No,Green
East,Daily,Good,Bright,Moist,No,No,Green
North,Daily,Good,Bright,Moist,No,No,Green
North,Rare,Good,Low,Dry,No,No,Yellow
North,Daily,Good,Bright,Moist,No,No,Green
East,Rare,Good,Bright,Moist,No,No,Yellow
North,Weekly,Good,Bright,Moist,Yes,No,Brown
East,Rare,Poor,Low,Dry,No,Yes,Yellow
South,Daily,Good,Bright,Soggy,Yes,Yes,Green
North,Rare,Good,Low,Dry,No,No,Green
North,Daily,Poor,Low,Soggy,Yes,Yes,Brown
North,Weekly,Poor,Bright,Moist,No,No,Green
South,Weekly,Good,Bright,Moist,No,No,Green
East,Rare,Good,Low,Dry,No,No,Yellow
North,Weekly,Poor,Low,Moist,Yes,No,Green
North,Weekly,Poor,Low,Moist,No,No,Green
South,Weekly,Good,Bright,Soggy,Yes,Yes,Yellow
East,Weekly,Good,Bright,Moist,No,No,Green
East,Rare,Poor,Low,Dry,Yes,No,Yellow
North,Rare,Poor,Low,Dry,No,No,Green
South,Weekly,Good,Bright,Moist,No,Yes,Green
North,Weekly,Poor,Low,Moist,No,No,Green
North,Daily,Poor,Low,Soggy,Yes,Yes,Green
North,Weekly,Good,Low,Moist,No,Yes,Yellow
South,Daily,Good,Bright,Soggy,No,Yes,Green
East,Daily,Poor,Bright,Soggy,No,Yes,Green
East,Weekly,Poor,Low,Moist,No,No,Yellow
East,Daily,Poor,Low,Soggy,Yes,Yes,Yellow
East,Rare,Good,Low,Dry,No,No,Green
East,Weekly,Good,Bright,Soggy,No,Yes,Green
East,Rare,Good,Bright,Dry,No,No,Yellow
North,Weekly,Poor,Low,Soggy,No,Yes,Brown
South,Daily,Good,Bright,Moist,No,No,Green
North,Daily,Good,Low,Moist,No,No,Green
South,Weekly,Poor,Bright,Moist,No,No,Green
South,Daily,Poor,Bright,Soggy,No,Yes,Yellow
East,Weekly,Good,Bright,Moist,No,Yes,Green
North,Weekly,Good,Bright,Moist,No,No,Green
North,Weekly,Poor,Low,Soggy,No,Yes,Yellow
North,Daily,Good,Low,Soggy,Yes,Yes,Yellow
East,Rare,Good,Bright,Dry,No,Yes,Green
North,Weekly,Poor,Low,Soggy,Yes,Yes,Green
South,Weekly,Good,Bright,Moist,No,Yes,Green
North,Rare,Good,Low,Dry,No,Yes,Brown
North,Rare,Good,Low,Dry,No,No,Brown
East,Daily,Good,Low,Soggy,Yes,Yes,Green
South,Daily,Good,Bright,Moist,No,No,Green
East,Weekly,Good,Low,Moist,Yes,Yes,Yellow
North,Rare,Poor,Bright,Dry,No,No,Green
North,Daily,Good,Low,Moist,No,Yes,Green
East,Weekly,Good,Bright,Moist,No,No,Green
South,Rare,Poor,Bright,Moist,No,No,Yellow
South,Daily,Good,Bright,Moist,No,No,Green
East,Weekly,Good,Bright,Dry,No,No,Green
South,Weekly,Good,Bright,Moist,No,No,Green
East,Weekly,Good,Low,Moist,No,No,Yellow
East,Weekly,Good,Low,Moist,No,No,Green
South,Rare,Good,Bright,Dry,No,No,Green
North,Weekly,Poor,Bright,Moist,No,Yes,Brown
North,Weekly,Poor,Bright,Moist,No,Yes,Green
North,Weekly,Good,Low,Moist,No,Yes,Green
North,Daily,Good,Bright,Moist,No,No,Green
South,Daily,Good,Bright,Moist,Yes,No,Brown
South,Rare,Good,Bright,Moist,No,No,Green
East,Weekly,Poor,Low,Soggy,Yes,Yes,Green
South,Rare,Poor,Bright,Dry,No,No,Yellow
North,Weekly,Poor,Low,Moist,No,No,Brown
South,Weekly,Good,Bright,Moist,No,No,Green
South,Weekly,Good,Bright,Moist,No,No,Green
North,Rare,Poor,Low,Dry,No,No,Green
North,Rare,Good,Low,Dry,No,Yes,Yellow
North,Daily,Good,Low,Moist,Yes,No,Brown
North,Rare,Good,Low,Moist,No,No,Brown
South,Weekly,Poor,Bright,Soggy,No,Yes,Green
North,Weekly,Good,Low,Moist,No,No,Brown
South,Rare,Poor,Bright,Moist,Yes,No,Brown
East,Weekly,Poor,Low,Soggy,Yes,Yes,Brown
North,Weekly,Good,Low,Dry,No,No,Yellow
East,Weekly,Good,Bright,Moist,No,No,Green
South,Weekly,Poor,Bright,Moist,No,Yes,Green
North,Daily,Good,Low,Soggy,Yes,No,Brown
North,Rare,Good,Low,Dry,No,No,Green
North,Weekly,Poor,Low,Moist,Yes,No,Brown
East,Rare,Good,Bright,Dry,Yes,No,Green
South,Weekly,Good,Bright,Soggy,No,Yes,Green
North,Weekly,Good,Bright,Soggy,Yes,No,Yellow
South,Daily,Poor,Bright,Dry,No,No,Yellow
East,Weekly,Good,Low,Moist,No,Yes,Yellow
North,Weekly,Poor,Low,Soggy,Yes,Yes,Green
South,Weekly,Poor,Bright,Moist,No,Yes,Green
South,Rare,Good,Bright,Dry,No,No,Green
South,Rare,Good,Bright,Moist,No,No,Green
East,Weekly,Good,Bright,Moist,No,No,Green
East,Daily,Poor,Low,Soggy,No,Yes,Green
East,Weekly,Good,Low,Dry,No,No,Green
South,Weekly,Poor,Bright,Dry,No,No,Yellow
North,Weekly,Good,Low,Moist,No,No,Green
North,Weekly,Poor,Low,Moist,No,No,Yellow
East,Weekly,Good,Low,Moist,No,No,Green
North,Rare,Good,Bright,Dry,No,No,Green
South,Weekly,Good,Bright,Dry,No,No,Green
East,Weekly,Poor,Bright,Moist,No,No,Yellow
East,Weekly,Good,Bright,Moist,No,No,Green
East,Rare,Good,Low,Dry,No,No,Yellow
South,Rare,Good,Bright,Dry,No,No,Green
East,Daily,Poor,Bright,Moist,No,No,Green
North,Weekly,Poor,Low,Moist,No,No,Green
North,Daily,Poor,Low,Soggy,No,Yes,Green
North,Daily,Poor,Low,Soggy,Yes,No,Brown
East,Rare,Poor,Bright,Dry,No,No,Green
South,Weekly,Poor,Bright,Moist,No,Yes,Green
North,Daily,Good,Low,Moist,No,No,Brown
East,Rare,Good,Low,Dry,No,No,Yellow
South,Daily,Good,Bright,Soggy,Yes,Yes,Yellow
East,Daily,Good,Bright,Dry,Yes,No,Brown
North,Daily,Good,Low,Soggy,Yes,Yes,Brown
East,Weekly,Poor,Bright,Dry,No,No,Green
East,Weekly,Good,Bright,Dry,No,No,Green
East,Rare,Poor,Bright,Dry,No,No,Green
North,Weekly,Poor,Low,Moist,Yes,No,Yellow
South,Rare,Good,Bright,Dry,No,No,Yellow
East,Weekly,Good,Low,Dry,No,No,Green
North,Weekly,Good,Low,Moist,No,No,Yellow
South,Rare,Poor,Bright,Dry,No,No,Green
North,Daily,Poor,Bright,Moist,No,Yes,Green
South,Rare,Good,Low,Moist,No,No,Green
North,Rare,Poor,Low,Dry,No,No,Green
East,Weekly,Good,Low,Moist,No,Yes,Green
North,Rare,Poor,Low,Moist,No,No,Yellow
North,Weekly,Good,Bright,Moist,No,Yes,Green
North,Weekly,Good,Low,Moist,No,No,Yellow
North,Weekly,Good,Low,Moist,No,No,Yellow
South,Weekly,Poor,Bright,Moist,Yes,No,Green
East,Weekly,Poor,Bright,Soggy,No,Yes,Green
North,Weekly,Good,Low,Moist,No,No,Green
East,Weekly,Good,Bright,Moist,No,No,Green
North,Daily,Poor,Low,Moist,No,No,Yellow
East,Daily,Good,Bright,Soggy,No,Yes,Green
East,Weekly,Good,Low,Moist,No,Yes,Green
East,Daily,Poor,Low,Soggy,Yes,No,Yellow
East,Weekly,Good,Bright,Moist,No,No,Green
East,Weekly,Poor,Low,Moist,No,No,Green
South,Weekly,Poor,Bright,Moist,No,No,Green
South,Weekly,Good,Bright,Moist,No,No,Yellow
East,Daily,Good,Low,Moist,No,No,Yellow
South,Daily,Good,Bright,Soggy,No,Yes,Green
South,Rare,Poor,Low,Moist,No,No,Yellow
East,Rare,Poor,Bright,Moist,No,No,Green
North,Weekly,Good,Low,Dry,No,No,Green
East,Rare,Good,Bright,Dry,No,No,Green
East,Daily,Good,Bright,Soggy,Yes,Yes,Green
East,Weekly,Good,Bright,Moist,No,No,Green
North,Rare,Good,Low,Dry,No,No,Green
South,Weekly,Poor,Bright,Moist,Yes,No,Brown
North,Daily,Poor,Low,Soggy,No,Yes,Yellow
South,Daily,Good,Bright,Soggy,Yes,No,Brown
North,Daily,Good,Low,Moist,No,No,Green
East,Rare,Poor,Bright,Moist,No,No,Green
East,Weekly,Good,Low,Moist,No,No,Yellow
North,Rare,Good,Low,Dry,No,No,Green
East,Weekly,Poor,Bright,Moist,No,No,Green
East,Weekly,Good,Bright,Moist,No,No,Green
South,Weekly,Good,Bright,Moist,No,No,Yellow
South,Rare,Good,Low,Dry,No,No,Yellow
East,Weekly,Good,Bright,Moist,No,No,Green
South,Rare,Poor,Bright,Soggy,No,Yes,Green
North,Daily,Good,Low,Soggy,Yes,Yes,Yellow
East,Weekly,Good,Bright,Soggy,No,Yes,Green
South,Weekly,Good,Bright,Moist,No,Yes,Green
North,Daily,Poor,Low,Soggy,Yes,No,Yellow
South,Weekly,Good,Low,Moist,No,Yes,Green
South,Rare,Good,Low,Dry,No,No,Yellow
East,Daily,Good,Low,Soggy,Yes,No,Brown
South,Weekly,Good,Bright,Soggy,Yes,Yes,Yellow
East,Daily,Good,Bright,Moist,No,No,Green
North,Weekly,Good,Low,Moist,No,No,Yellow
South,Rare,Good,Bright,Dry,No,No,Green
East,Weekly,Good,Low,Soggy,No,Yes,Brown
East,Weekly,Good,Low,Moist,No,No,Yellow
South,Daily,Good,Bright,Soggy,No,No,Green
East,Weekly,Good,Low,Dry,No,No,Green
South,Weekly,Good,Low,Moist,Yes,Yes,Yellow
South,Weekly,Good,Bright,Soggy,No,Yes,Green
North,Rare,Good,Low,Dry,No,Yes,Yellow
North,Weekly,Good,Low,Moist,No,Yes,Green
North,Daily,Good,Low,Moist,No,Yes,Green
East,Rare,Good,Low,Dry,No,No,Green
South,Weekly,Good,Bright,Moist,No,Yes,Brown
East,Weekly,Good,Bright,Moist,No,No,Green
South,Daily,Good,Bright,Soggy,No,Yes,Green
North,Weekly,Poor,Bright,Moist,No,No,Yellow
North,Daily,Poor,Bright,Soggy,Yes,Yes,Brown
East,Weekly,Poor,Bright,Moist,No,No,Green
South,Rare,Good,Low,Dry,No,No,Green
South,Weekly,Poor,Bright,Moist,No,No,Green
East,Weekly,Poor,Low,Moist,No,No,Green
North,Rare,Good,Low,Moist,No,No,Green
South,Rare,Good,Bright,Dry,No,No,Green
East,Weekly,Poor,Bright,Soggy,Yes,Yes,Brown
North,Weekly,Good,Low,Moist,No,Yes,Green
South,Rare,Good,Low,Moist,No,Yes,Green
North,Weekly,Poor,Low,Moist,No,Yes,Green
South,Daily,Good,Bright,Moist,No,No,Green
South,Weekly,Good,Bright,Soggy,Yes,Yes,Yellow
North,Daily,Poor,Low,Soggy,Yes,Yes,Yellow
South,Weekly,Good,Bright,Moist,No,No,Green
North,Weekly,Good,Low,Dry,No,No,Yellow
North,Daily,Good,Low,Moist,No,Yes,Brown
North,Weekly,Poor,Low,Moist,No,No,Green
South,Rare,Poor,Bright,Moist,No,Yes,Green
North,Rare,Good,Low,Moist,No,Yes,Yellow
East,Daily,Good,Bright,Moist,No,No,Yellow
East,Daily,Good,Bright,Moist,No,No,Green
North,Weekly,Good,Low,Moist,No,No,Brown
South,Weekly,Poor,Bright,Moist,No,Yes,Green
North,Rare,Good,Low,Dry,No,No,Yellow
South,Daily,Good,Low,Moist,No,Yes,Green
East,Daily,Good,Bright,Moist,No,No,Green
East,Daily,Poor,Bright,Soggy,Yes,Yes,Yellow
East,Weekly,Good,Low,Moist,No,No,Green
East,Daily,Poor,Bright,Moist,No,No,Green
South,Rare,Good,Low,Moist,No,No,Yellow
South,Rare,Good,Bright,Dry,No,No,Green
North,Weekly,Poor,Low,Moist,No,Yes,Green
North,Weekly,Good,Low,Moist,No,No,Green
East,Weekly,Good,Low,Moist,No,No,Yellow
North,Rare,Good,Bright,Dry,No,No,Yellow
East,Rare,Good,Low,Dry,No,No,Green
South,Weekly,Good,Bright,Dry,No,No,Yellow
East,Weekly,Good,Low,Moist,No,No,Green
North,Weekly,Good,Low,Moist,No,No,Green
North,Weekly,Good,Low,Dry,No,No,Green
East,Weekly,Poor,Low,Dry,No,No,Green
East,Weekly,Good,Low,Moist,No,No,Green
South,Weekly,Good,Low,Moist,No,Yes,Green
South,Rare,Poor,Bright,Soggy,Yes,Yes,Yellow
East,Weekly,Good,Bright,Moist,Yes,No,Brown
South,Weekly,Good,Bright,Moist,No,No,Green
East,Daily,Poor,Low,Soggy,Yes,Yes,Yellow
East,Weekly,Poor,Low,Moist,Yes,No,Brown
North,Daily,Good,Low,Moist,No,No,Green
East,Daily,Poor,Low,Soggy,No,Yes,Green
North,Daily,Poor,Low,Soggy,Yes,No,Yellow
North,Daily,Good,Low,Soggy,No,Yes,Brown
North,Rare,Good,Low,Dry,No,No,Green
East,Weekly,Poor,Bright,Moist,No,Yes,Yellow
North,Weekly,Good,Bright,Dry,No,No,Green
East,Daily,Poor,Low,Soggy,No,Yes,Green
North,Weekly,Good,Low,Moist,No,Yes,Yellow
North,Daily,Good,Low,Soggy,No,Yes,Yellow
South,Weekly,Good,Bright,Dry,No,No,Green
East,Rare,Good,Low,Dry,No,No,Yellow
North,Rare,Good,Bright,Dry,No,No,Green
North,Weekly,Good,Bright,Moist,No,No,Green
East,Rare,Good,Low,Dry,No,No,Brown
South,Weekly,Good,Bright,Soggy,Yes,Yes,Brown
East,Rare,Poor,Bright,Dry,No,No,Green
North,Rare,Good,Low,Soggy,Yes,Yes,Brown
North,Rare,Good,Low,Dry,No,No,Green
North,Rare,Poor,Low,Dry,No,No,Yellow
South,Weekly,Poor,Low,Moist,No,No,Green
North,Weekly,Good,Low,Moist,Yes,No,Brown
South,Daily,Good,Bright,Moist,No,No,Green
East,Rare,Good,Low,Dry,No,No,Green
East,Rare,Good,Low,Moist,No,Yes,Yellow
North,Rare,Poor,Bright,Moist,No,No,Green
East,Rare,Good,Low,Dry,No,No,Green
South,Weekly,Poor,Bright,Moist,No,No,Green
North,Weekly,Good,Low,Moist,No,No,Brown
North,Rare,Good,Low,Dry,No,No,Green
North,Rare,Good,Low,Moist,No,No,Green
East,Weekly,Poor,Bright,Soggy,No,Yes,Green
South,Rare,Good,Bright,Dry,No,No,Green
East,Daily,Good,Low,Soggy,Yes,No,Yellow
North,Weekly,Poor,Low,Soggy,No,Yes,Yellow
South,Weekly,Good,Bright,Moist,No,No,Green
East,Weekly,Poor,Low,Soggy,No,Yes,Yellow
South,Weekly,Good,Bright,Moist,No,No,Green
North,Daily,Good,Low,Soggy,No,Yes,Green
North,Weekly,Good,Low,Moist,No,No,Green
North,Weekly,Good,Bright,Dry,Yes,No,Green
North,Rare,Good,Low,Dry,No,No,Green
East,Weekly,Good,Low,Moist,No,No,Green
South,Rare,Good,Bright,Dry,No,No,Green
East,Daily,Good,Bright,Soggy,No,Yes,Green
North,Weekly,Good,Low,Soggy,Yes,Yes,Brown
South,Daily,Good,Bright,Moist,No,Yes,Green
East,Daily,Good,Bright,Moist,No,No,Green
East,Rare,Good,Low,Dry,No,No,Green
South,Weekly,Good,Bright,Moist,No,No,Yellow
East,Rare,Poor,Low,Dry,No,No,Green
North,Weekly,Good,Low,Moist,No,No,Yellow
South,Rare,Good,Low,Dry,Yes,No,Yellow
North,Rare,Poor,Bright,Dry,No,No,Green
North,Rare,Good,Low,Dry,No,No,Green
East,Weekly,Poor,Low,Moist,No,No,Yellow
East,Rare,Good,Bright,Dry,No,No,Green
North,Weekly,Good,Low,Soggy,Yes,Yes,Yellow
East,Weekly,Poor,Bright,Moist,No,No,Green
North,Daily,Good,Low,Soggy,Yes,No,Green
East,Daily,Good,Bright,Moist,Yes,No,Green
South,Weekly,Poor,Bright,Moist,No,No,Green
South,Weekly,Poor,Bright,Moist,No,Yes,Green
East,Rare,Good,Bright,Moist,No,No,Green
South,Weekly,Good,Bright,Moist,No,No,Green
East,Weekly,Poor,Low,Moist,No,No,Yellow
North,Weekly,Good,Low,Moist,No,No,Yellow
South,Rare,Poor,Low,Dry,Yes,No,Brown
East,Daily,Good,Low,Moist,No,No,Yellow
East,Weekly,Good,Bright,Moist,No,No,Green
South,Daily,Poor,Bright,Soggy,Yes,Yes,Brown
East,Daily,Good,Bright,Soggy,No,Yes,Green
North,Weekly,Good,Bright,Soggy,Yes,Yes,Yellow
East,Rare,Good,Bright,Moist,No,No,Yellow
East,Rare,Poor,Bright,Dry,No,No,Green
South,Weekly,Good,Bright,Moist,No,No,Green
South,Weekly,Poor,Bright,Dry,No,No,Yellow
North,Weekly,Poor,Low,Moist,No,No,Green
East,Daily,Good,Bright,Moist,No,No,Green
North,Daily,Good,Low,Soggy,Yes,Yes,Brown
East,Weekly,Poor,Low,Soggy,No,No,Green
South,Daily,Good,Bright,Soggy,Yes,Yes,Green
North,Weekly,Good,Low,Moist,Yes,Yes,Green
East,Rare,Poor,Bright,Dry,No,No,Green
North,Rare,Good,Bright,Dry,No,No,Green
South,Weekly,Poor,Bright,Moist,No,No,Green
East,Weekly,Poor,Low,Moist,No,Yes,Yellow
South,Rare,Good,Bright,Dry,No,No,Green
North,Daily,Poor,Low,Soggy,No,Yes,Green
North,Weekly,Good,Low,Moist,No,No,Brown
East,Daily,Good,Low,Moist,No,No,Green
North,Rare,Good,Low,Dry,No,No,Green
South,Weekly,Poor,Bright,Moist,No,No,Green
North,Weekly,Good,Low,Dry,No,No,Yellow
North,Daily,Poor,Low,Moist,No,No,Green
North,Weekly,Good,Low,Dry,No,No,Green
East,Rare,Good,Low,Moist,Yes,Yes,Yellow
North,Daily,Good,Low,Soggy,No,Yes,Green
East,Weekly,Good,Low,Moist,No,No,Green
North,Rare,Good,Low,Moist,No,No,Yellow
South,Rare,Poor,Bright,Dry,No,No,Green
North,Rare,Poor,Low,Moist,No,No,Yellow
North,Daily,Good,Low,Soggy,Yes,No,Yellow
South,Weekly,Poor,Low,Moist,No,No,Green
East,Daily,Good,Low,Moist,No,No,Green
North,Weekly,Good,Low,Moist,No,Yes,Green
South,Daily,Good,Bright,Moist,No,No,Green
North,Daily,Good,Bright,Moist,No,No,Green
East,Weekly,Good,Low,Moist,No,No,Green
East,Weekly,Good,Bright,Dry,No,No,Green
East,Weekly,Poor,Low,Soggy,Yes,Yes,Yellow
South,Weekly,Good,Low,Moist,Yes,No,Yellow
East,Daily,Poor,Low,Moist,No,No,Green
North,Weekly,Good,Low,Moist,No,Yes,Yellow
East,Weekly,Good,Bright,Moist,No,No,Green
South,Weekly,Good,Bright,Moist,No,No,Green
North,Weekly,Poor,Low,Moist,No,No,Green
East,Weekly,Good,Low,Moist,Yes,No,Yellow
East,Rare,Poor,Low,Dry,No,No,Green
East,Weekly,Poor,Low,Soggy,No,Yes,Green
North,Daily,Good,Low,Moist,No,No,Yellow
North,Daily,Good,Bright,Moist,No,No,Green
East,Daily,Poor,Bright,Soggy,No,No,Green
South,Weekly,Good,Bright,Dry,No,No,Green
East,Rare,Good,Bright,Dry,No,No,Yellow
North,Weekly,Poor,Bright,Moist,No,No,Green
South,Daily,Poor,Bright,Soggy,No,Yes,Green
East,Weekly,Good,Low,Soggy,Yes,No,Yellow
East,Weekly,Good,Bright,Moist,No,No,Green
North,Rare,Good,Low,Dry,No,No,Yellow
South,Rare,Good,Bright,Dry,No,No,Green
North,Weekly,Poor,Bright,Soggy,No,Yes,Green
South,Daily,Good,Bright,Soggy,Yes,No,Yellow
North,Weekly,Poor,Low,Moist,No,No,Green
North,Weekly,Good,Bright,Dry,No,No,Green
North,Rare,Poor,Low,Soggy,Yes,Yes,Yellow
East,Rare,Poor,Bright,Dry,No,No,Brown
East,Weekly,Poor,Low,Moist,No,No,Green
South,Weekly,Good,Bright,Moist,Yes,No,Brown
North,Weekly,Poor,Low,Soggy,No,No,Green
East,Rare,Good,Bright,Dry,No,No,Green
North,Weekly,Poor,Low,Soggy,Yes,Yes,Green
North,Weekly,Poor,Bright,Moist,No,No,Green
North,Rare,Poor,Low,Dry,No,No,Green
East,Daily,Good,Bright,Soggy,Yes,No,Brown
South,Daily,Poor,Bright,Soggy,No,No,Green
East,Rare,Good,Low,Dry,No,No,Green
East,Weekly,Good,Bright,Moist,No,No,Green
South,Daily,Good,Bright,Moist,No,No,Green
North,Weekly,Poor,Low,Soggy,Yes,Yes,Yellow
East,Daily,Good,Bright,Soggy,No,Yes,Brown
South,Rare,Poor,Bright,Moist,No,No,Green
North,Rare,Good,Low,Dry,No,No,Yellow
East,Rare,Poor,Bright,Dry,No,No,Yellow
North,Daily,Poor,Low,Moist,No,No,Green
North,Weekly,Poor,Low,Dry,No,No,Yellow
North,Daily,Poor,Low,Soggy,Yes,No,Brown
East,Rare,Good,Low,Dry,No,No,Yellow
North,Weekly,Poor,Low,Moist,No,Yes,Green
North,Weekly,Poor,Low,Dry,No,No,Yellow
East,Daily,Good,Bright,Soggy,No,Yes,Green
North,Weekly,Good,Bright,Dry,No,Yes,Green
East,Weekly,Poor,Bright,Moist,Yes,No,Brown
North,Weekly,Good,Bright,Moist,Yes,Yes,Yellow
East,Rare,Good,Low,Dry,No,Yes,Green
North,Daily,Poor,Low,Moist,No,No,Green
East,Weekly,Good,Low,Dry,No,No,Green
North,Weekly,Good,Bright,Dry,No,No,Green
South,Weekly,Poor,Bright,Moist,Yes,No,Green
East,Weekly,Poor,Low,Moist,No,No,Green
East,Rare,Good,Low,Dry,No,No,Green
North,Daily,Good,Low,Moist,No,No,Green
South,Weekly,Poor,Bright,Moist,No,No,Yellow
North,Daily,Good,Low,Moist,No,Yes,Green
East,Weekly,Poor,Bright,Moist,No,No,Green
East,Weekly,Good,Bright,Moist,Yes,Yes,Yellow
South,Weekly,Poor,Bright,Moist,No,No,Yellow
North,Weekly,Good,Bright,Moist,No,No,Green
North,Daily,Poor,Low,Soggy,Yes,Yes,Brown
South,Rare,Good,Bright,Dry,No,No,Yellow
North,Weekly,Good,Low,Moist,No,Yes,Green
North,Weekly,Poor,Bright,Moist,No,No,Green
East,Rare,Good,Bright,Dry,No,No,Green
South,Rare,Poor,Bright,Dry,No,No,Green
North,Daily,Good,Low,Moist,Yes,No,Yellow
North,Weekly,Poor,Low,Moist,No,No,Yellow
East,Weekly,Good,Low,Moist,No,No,Brown
East,Daily,Good,Low,Soggy,Yes,No,Brown
North,Weekly,Poor,Low,Moist,No,No,Green
North,Weekly,Good,Low,Soggy,No,Yes,Brown
South,Weekly,Poor,Bright,Moist,No,No,Green
North,Daily,Good,Low,Soggy,Yes,Yes,Yellow
North,Weekly,Poor,Low,Moist,No,Yes,Green
North,Daily,Good,Low,Dry,No,No,Brown
South,Daily,Good,Bright,Moist,No,Yes,Green
North,Daily,Good,Low,Moist,No,No,Yellow
North,Weekly,Poor,Low,Soggy,Yes,No,Yellow
East,Daily,Good,Low,Moist,No,Yes,Green
East,Weekly,Good,Bright,Moist,No,No,Green
North,Daily,Poor,Low,Soggy,No,Yes,Brown
East,Rare,Good,Bright,Dry,No,No,Green
East,Weekly,Good,Bright,Moist,No,No,Green
North,Rare,Good,Low,Dry,No,No,Brown
East,Weekly,Poor,Low,Moist,No,No,Green
East,Weekly,Good,Low,Moist,No,No,Green
South,Weekly,Poor,Bright,Moist,No,No,Green
South,Weekly,Good,Bright,Soggy,No,No,Green
North,Rare,Good,Low,Moist,No,No,Green
North,Rare,Poor,Low,Moist,No,No,Green
North,Rare,Good,Bright,Dry,No,No,Green
East,Weekly,Good,Low,Moist,No,No,Green
North,Rare,Good,Low,Dry,No,No,Green
North,Daily,Good,Low,Moist,Yes,No,Yellow
North,Weekly,Good,Low,Moist,Yes,No,Brown
South,Weekly,Poor,Bright,Dry,No,No,Green
East,Weekly,Good,Low,Soggy,Yes,Yes,Yellow
North,Rare,Good,Bright,Dry,No,No,Green
North,Weekly,Good,Low,Soggy,Yes,Yes,Brown
North,Rare,Good,Low,Dry,No,No,Green
North,Weekly,Poor,Bright,Moist,No,Yes,Green
South,Weekly,Good,Bright,Moist,No,No,Green
North,Weekly,Poor,Bright,Soggy,No,No,Green
East,Weekly,Good,Bright,Dry,Yes,No,Yellow
North,Rare,Poor,Low,Dry,No,No,Green
North,Rare,Poor,Low,Dry,No,No,Yellow
North,Rare,Good,Low,Dry,No,No,Green
East,Daily,Good,Low,Moist,No,No,Brown
East,Daily,Good,Low,Soggy,Yes,No,Yellow
East,Weekly,Good,Low,Moist,No,No,Green
North,Rare,Good,Low,Dry,No,No,Green
North,Weekly,Good,Bright,Moist,No,No,Brown
East,Weekly,Good,Low,Dry,No,No,Brown
North,Rare,Good,Low,Dry,No,No,Green
East,Weekly,Poor,Bright,Dry,No,No,Green
South,Daily,Poor,Bright,Soggy,Yes,No,Yellow
North,Weekly,Good,Bright,Moist,No,No,Yellow
South,Weekly,Good,Bright,Moist,No,No,Green
East,Daily,Good,Bright,Moist,No,No,Green
South,Rare,Good,Bright,Dry,No,No,Yellow
South,Daily,Good,Bright,Moist,No,No,Brown
North,Daily,Good,Low,Moist,No,No,Green
East,Daily,Good,Bright,Soggy,Yes,Yes,Brown
North,Weekly,Good,Low,Moist,No,Yes,Yellow
East,Daily,Good,Bright,Dry,No,No,Green
South,Weekly,Poor,Bright,Soggy,Yes,Yes,Brown
East,Weekly,Poor,Bright,Soggy,Yes,Yes,Brown
East,Weekly,Good,Bright,Dry,No,No,Green
East,Rare,Good,Low,Dry,No,No,Yellow
North,Rare,Poor,Low,Dry,No,No,Green
East,Weekly,Poor,Low,Moist,No,No,Yellow
North,Weekly,Poor,Bright,Soggy,No,No,Green
East,Rare,Good,Bright,Dry,No,No,Green
South,Daily,Good,Bright,Moist,Yes,Yes,Green
North,Rare,Poor,Low,Dry,Yes,No,Brown
East,Rare,Poor,Bright,Dry,No,No,Green
East,Weekly,Poor,Bright,Moist,No,No,Green
North,Daily,Good,Low,Soggy,No,Yes,Green
South,Weekly,Good,Bright,Soggy,No,Yes,Green
North,Daily,Good,Low,Moist,No,No,Yellow
South,Daily,Good,Low,Soggy,No,Yes,Brown
North,Weekly,Good,Low,Moist,Yes,No,Green
East,Daily,Poor,Bright,Soggy,Yes,Yes,Yellow
North,Weekly,Poor,Bright,Moist,No,No,Green
South,Weekly,Good,Bright,Soggy,Yes,Yes,Brown
East,Weekly,Poor,Bright,Dry,No,No,Green
North,Rare,Good,Low,Dry,No,No,Yellow
North,Weekly,Poor,Low,Moist,No,No,Yellow
North,Daily,Poor,Low,Soggy,No,Yes,Green
South,Weekly,Poor,Low,Soggy,No,Yes,Yellow
South,Daily,Good,Bright,Moist,No,Yes,Green
South,Rare,Good,Bright,Dry,No,No,Green
East,Rare,Good,Bright,Dry,No,No,Green
North,Rare,Good,Bright,Moist,No,No,Green
East,Rare,Good,Bright,Dry,No,No,Green
East,Weekly,Poor,Low,Moist,No,No,Green
East,Rare,Good,Bright,Dry,No,No,Green
North,Weekly,Good,Bright,Moist,No,No,Green
East,Rare,Poor,Low,Dry,No,No,Green
North,Weekly,Poor,Low,Moist,No,No,Yellow
North,Weekly,Good,Low,Moist,No,Yes,Yellow
South,Weekly,Good,Bright,Moist,No,No,Green
East,Daily,Good,Low,Moist,No,No,Brown
South,Weekly,Good,Bright,Moist,No,No,Brown
East,Weekly,Poor,Low,Dry,No,No,Green
East,Daily,Poor,Low,Moist,No,No,Yellow
North,Rare,Good,Low,Moist,No,No,Green
East,Weekly,Poor,Bright,Moist,No,No,Green
North,Weekly,Good,Low,Dry,No,No,Yellow
North,Rare,Poor,Bright,Moist,No,No,Green
North,Rare,Good,Low,Dry,No,No,Green
North,Weekly,Good,Bright,Dry,No,No,Green
East,Weekly,Good,Low,Moist,No,Yes,Yellow
North,Rare,Good,Low,Dry,No,No,Green
North,Weekly,Good,Low,Moist,No,No,Yellow
South,Weekly,Good,Bright,Moist,No,No,Green
South,Weekly,Good,Bright,Dry,No,No,Green
East,Daily,Good,Low,Moist,No,Yes,Green
South,Rare,Poor,Low,Moist,No,No,Green
South,Rare,Good,Bright,Dry,No,No,Brown
South,Rare,Good,Bright,Dry,No,No,Green
East,Weekly,Poor,Bright,Soggy,No,Yes,Green
South,Daily,Good,Bright,Moist,Yes,No,Green
South,Weekly,Good,Bright,Moist,No,No,Green
North,Rare,Poor,Bright,Dry,No,No,Green
North,Weekly,Good,Low,Soggy,No,Yes,Yellow
East,Rare,Poor,Low,Dry,No,No,Green
North,Rare,Good,Low,Dry,No,No,Yellow
South,Weekly,Poor,Bright,Moist,No,Yes,Green
North,Daily,Good,Low,Soggy,No,No,Yellow
North,Weekly,Good,Low,Moist,No,Yes,Green
North,Daily,Good,Bright,Moist,No,No,Yellow
North,Weekly,Good,Low,Moist,No,No,Green
South,Rare,Good,Bright,Dry,No,No,Green
North,Weekly,Good,Low,Soggy,Yes,Yes,Brown
South,Rare,Poor,Low,Dry,No,No,Brown
South,Weekly,Good,Bright,Moist,No,Yes,Green
North,Weekly,Good,Low,Dry,Yes,No,Yellow
South,Weekly,Good,Bright,Moist,No,No,Green
East,Daily,Poor,Low,Moist,No,No,Yellow
North,Weekly,Good,Bright,Moist,No,No,Green
South,Rare,Poor,Bright,Dry,No,No,Green
North,Daily,Good,Low,Moist,No,No,Green
North,Rare,Poor,Bright,Dry,No,No,Yellow
North,Weekly,Good,Low,Moist,No,Yes,Yellow
North,Rare,Good,Low,Dry,No,No,Green
North,Weekly,Poor,Low,Dry,No,No,Yellow
North,Daily,Good,Low,Moist,No,No,Yellow
East,Rare,Poor,Low,Dry,No,No,Green
East,Weekly,Poor,Low,Moist,No,Yes,Green
East,Rare,Good,Low,Dry,No,No,Brown
South,Weekly,Poor,Bright,Soggy,Yes,Yes,Green
South,Rare,Good,Bright,Dry,No,No,Green
North,Weekly,Good,Bright,Moist,Yes,No,Yellow
East,Weekly,Poor,Low,Soggy,Yes,Yes,Brown
South,Weekly,Good,Bright,Dry,No,No,Green
South,Daily,Poor,Bright,Soggy,Yes,Yes,Brown
North,Rare,Poor,Low,Dry,No,No,Green
South,Rare,Good,Bright,Dry,No,No,Green
East,Rare,Good,Bright,Dry,No,No,Green
East,Weekly,Poor,Low,Soggy,Yes,Yes,Yellow
East,Daily,Poor,Bright,Soggy,Yes,Yes,Yellow
East,Daily,Poor,Bright,Moist,No,No,Green
East,Daily,Good,Low,Soggy,No,Yes,Green
East,Rare,Good,Low,Moist,No,No,Yellow
South,Rare,Good,Bright,Dry,No,No,Green
East,Weekly,Poor,Low,Moist,No,No,Green
North,Weekly,Good,Bright,Soggy,Yes,Yes,Brown
North,Daily,Good,Low,Moist,No,No,Yellow
East,Weekly,Poor,Low,Soggy,Yes,No,Green
East,Rare,Good,Bright,Dry,No,No,Green
South,Weekly,Poor,Bright,Soggy,No,No,Green
East,Weekly,Good,Bright,Moist,No,No,Green
North,Weekly,Poor,Low,Soggy,Yes,Yes,Brown
North,Weekly,Good,Low,Moist,No,No,Yellow
East,Rare,Good,Bright,Dry,No,No,Green
South,Weekly,Good,Low,Moist,No,No,Green
East,Weekly,Good,Bright,Soggy,Yes,No,Yellow
East,Weekly,Good,Low,Moist,No,No,Green
North,Weekly,Good,Low,Moist,No,No,Green
East,Rare,Good,Low,Dry,No,No,Green
North,Daily,Poor,Low,Moist,Yes,Yes,Yellow
North,Weekly,Good,Bright,Moist,No,No,Green
South,Daily,Poor,Bright,Moist,No,Yes,Green
East,Weekly,Good,Low,Moist,No,No,Brown
South,Rare,Good,Bright,Dry,No,No,Yellow
East,Rare,Poor,Bright,Dry,Yes,No,Green
North,Rare,Good,Low,Moist,No,No,Green
North,Weekly,Good,Low,Moist,No,No,Green
East,Rare,Good,Bright,Dry,No,No,Green
North,Weekly,Good,Bright,Dry,No,No,Green
East,Daily,Good,Bright,Soggy,Yes,Yes,Yellow
North,Rare,Poor,Low,Moist,No,No,Yellow
North,Rare,Good,Low,Dry,No,Yes,Yellow
North,Weekly,Good,Low,Moist,No,No,Yellow
North,Weekly,Good,Low,Dry,No,No,Yellow
East,Weekly,Good,Low,Moist,No,Yes,Green
North,Rare,Good,Low,Dry,No,No,Green
North,Weekly,Poor,Bright,Moist,No,No,Yellow
North,Weekly,Poor,Low,Soggy,Yes,Yes,Yellow
East,Weekly,Good,Bright,Dry,No,No,Green
South,Weekly,Good,Bright,Dry,No,No,Green
East,Weekly,Good,Low,Moist,No,No,Green
North,Daily,Good,Low,Moist,No,Yes,Green
South,Weekly,Good,Bright,Dry,No,No,Green
South,Weekly,Good,Bright,Moist,No,No,Green
North,Weekly,Good,Bright,Dry,No,No,Green
North,Rare,Good,Low,Dry,No,No,Yellow
East,Daily,Good,Bright,Moist,No,No,Green
North,Rare,Good,Low,Dry,No,No,Green
North,Rare,Good,Low,Dry,No,No,Yellow
North,Weekly,Good,Low,Soggy,No,No,Green
North,Weekly,Good,Low,Moist,No,No,Green
South,Weekly,Good,Low,Dry,No,No,Green
North,Rare,Poor,Low,Moist,No,No,Green
North,Weekly,Poor,Low,Moist,No,Yes,Yellow
East,Weekly,Good,Bright,Moist,No,No,Green
South,Weekly,Good,Bright,Moist,No,No,Green
North,Rare,Poor,Low,Dry,No,Yes,Green
East,Rare,Poor,Low,Dry,No,No,Yellow
North,Weekly,Good,Bright,Moist,No,No,Yellow
East,Rare,Poor,Low,Dry,No,No,Green
North,Daily,Good,Low,Dry,No,No,Green
North,Weekly,Good,Low,Moist,No,No,Green
South,Weekly,Good,Bright,Dry,No,No,Green
South,Daily,Poor,Bright,Soggy,Yes,No,Yellow
East,Weekly,Poor,Low,Moist,No,No,Green
East,Rare,Good,Low,Dry,No,No,Green
South,Rare,Good,Bright,Dry,No,No,Green
North,Weekly,Good,Bright,Moist,Yes,No,Brown
East,Daily,Good,Bright,Soggy,Yes,Yes,Yellow
East,Weekly,Good,Bright,Moist,No,No,Green
North,Rare,Good,Bright,Dry,No,No,Yellow
South,Daily,Good,Bright,Soggy,Yes,Yes,Green
East,Weekly,Good,Bright,Moist,No,No,Yellow
South,Daily,Good,Low,Soggy,Yes,Yes,Yellow
South,Weekly,Good,Bright,Moist,No,Yes,Green
East,Rare,Good,Low,Dry,No,No,Green
South,Weekly,Poor,Bright,Moist,No,No,Green
North,Weekly,Good,Low,Moist,No,No,Yellow
South,Weekly,Good,Bright,Dry,No,No,Green
East,Weekly,Good,Bright,Moist,No,No,Green
South,Rare,Poor,Bright,Dry,No,No,Green
North,Rare,Poor,Low,Dry,No,No,Green
East,Rare,Good,Low,Moist,No,Yes,Green
East,Weekly,Good,Low,Dry,No,No,Brown
East,Rare,Good,Low,Dry,No,No,Yellow
South,Daily,Good,Bright,Soggy,No,Yes,Green
East,Daily,Good,Bright,Moist,No,Yes,Green
South,Rare,Poor,Bright,Dry,No,No,Green
North,Rare,Good,Low,Dry,No,No,Green
North,Weekly,Poor,Low,Soggy,No,No,Brown
North,Weekly,Good,Bright,Moist,No,No,Green
North,Daily,Good,Low,Soggy,No,No,Green
East,Weekly,Good,Bright,Dry,No,No,Green
North,Rare,Poor,Low,Dry,No,No,Green
East,Daily,Poor,Bright,Soggy,Yes,No,Brown
South,Weekly,Good,Bright,Dry,No,No,Green
South,Daily,Good,Bright,Soggy,No,Yes,Green
North,Weekly,Poor,Low,Soggy,No,Yes,Brown
North,Rare,Good,Bright,Dry,No,No,Green
East,Rare,Poor,Bright,Dry,No,No,Yellow
North,Daily,Good,Low,Soggy,Yes,Yes,Brown
East,Weekly,Poor,Bright,Moist,Yes,No,Brown
East,Rare,Good,Low,Moist,No,No,Green
East,Rare,Good,Low,Dry,No,No,Yellow
North,Weekly,Poor,Bright,Moist,Yes,No,Green
North,Weekly,Poor,Low,Moist,No,Yes,Yellow
South,Weekly,Good,Bright,Moist,No,No,Green
East,Weekly,Poor,Bright,Soggy,No,Yes,Green
North,Rare,Good,Low,Dry,No,No,Green
South,Weekly,Good,Bright,Soggy,Yes,Yes,Yellow
North,Weekly,Good,Low,Moist,No,No,Brown
North,Weekly,Good,Low,Moist,No,No,Green
North,Rare,Poor,Low,Dry,No,No,Green
South,Weekly,Poor,Low,Soggy,No,No,Green
South,Rare,Poor,Bright,Dry,No,No,Green
North,Rare,Poor,Low,Dry,No,No,Yellow
South,Weekly,Good,Bright,Moist,No,No,Green
South,Weekly,Good,Bright,Moist,No,Yes,Yellow
North,Weekly,Good,Low,Moist,No,No,Green
South,Rare,Good,Bright,Soggy,No,No,Green
North,Weekly,Good,Low,Dry,No,No,Yellow
East,Weekly,Poor,Low,Soggy,Yes,Yes,Green
East,Rare,Poor,Bright,Moist,No,No,Green
North,Weekly,Good,Low,Moist,No,No,Brown
East,Weekly,Poor,Low,Moist,No,No,Green
North,Rare,Poor,Low,Dry,No,Yes,Green
East,Weekly,Good,Bright,Moist,No,Yes,Green
East,Rare,Poor,Low,Dry,No,No,Green
East,Weekly,Poor,Bright,Soggy,Yes,Yes,Brown
South,Daily,Poor,Low,Soggy,Yes,Yes,Brown
South,Rare,Good,Bright,Dry,No,No,Green
South,Weekly,Good,Bright,Moist,No,No,Green
South,Weekly,Good,Bright,Moist,Yes,No,Brown
North,Weekly,Good,Bright,Moist,No,No,Green
North,Rare,Good,Low,Dry,No,No,Green
East,Weekly,Good,Bright,Dry,No,No,Green
North,Rare,Poor,Low,Dry,No,Yes,Green
South,Weekly,Poor,Bright,Moist,No,No,Green
East,Rare,Good,Bright,Dry,No,No,Green
North,Weekly,Poor,Low,Soggy,Yes,Yes,Brown
North,Daily,Poor,Low,Soggy,No,Yes,Green
South,Rare,Good,Bright,Dry,No,No,Green
South,Weekly,Good,Bright,Moist,No,Yes,Green
North,Weekly,Good,Low,Moist,No,No,Yellow
South,Daily,Good,Bright,Moist,No,No,Green
North,Daily,Poor,Low,Soggy,Yes,Yes,Yellow
East,Weekly,Good,Bright,Moist,No,No,Yellow
East,Weekly,Poor,Bright,Moist,No,No,Yellow
East,Daily,Good,Bright,Moist,No,No,Green
North,Daily,Good,Bright,Moist,No,No,Green
South,Daily,Good,Bright,Moist,No,No,Green
South,Rare,Good,Bright,Moist,No,No,Green
South,Weekly,Poor,Low,Moist,No,No,Green
East,Weekly,Poor,Low,Moist,No,No,Green
North,Weekly,Poor,Low,Dry,No,No,Green
East,Rare,Good,Bright,Dry,No,No,Green
East,Weekly,Good,Low,Moist,No,No,Green
South,Rare,Good,Low,Dry,No,No,Green
East,Daily,Poor,Bright,Soggy,Yes,No,Brown
East,Daily,Poor,Bright,Soggy,Yes,Yes,Brown
East,Weekly,Poor,Low,Moist,No,Yes,Yellow
East,Weekly,Good,Low,Moist,No,Yes,Brown
East,Daily,Good,Bright,Soggy,No,No,Green
North,Weekly,Good,Low,Moist,No,No,Green
North,Daily,Poor,Low,Soggy,Yes,Yes,Brown
North,Rare,Good,Bright,Dry,No,No,Yellow
South,Weekly,Good,Bright,Soggy,Yes,No,Green
South,Rare,Good,Bright,Dry,No,No,Green
North,Rare,Good,Low,Dry,No,No,Green
East,Daily,Good,Bright,Moist,No,No,Green
East,Weekly,Poor,Low,Soggy,Yes,Yes,Yellow
South,Weekly,Poor,Bright,Moist,No,No,Green
North,Rare,Good,Low,Dry,No,No,Green
East,Daily,Good,Bright,Soggy,Yes,Yes,Yellow
South,Weekly,Good,Bright,Moist,No,No,Green
South,Daily,Good,Bright,Soggy,Yes,No,Green
East,Weekly,Poor,Bright,Soggy,No,Yes,Green
East,Weekly,Poor,Bright,Soggy,Yes,Yes,Brown
South,Weekly,Good,Bright,Dry,No,No,Green
South,Daily,Good,Bright,Moist,No,Yes,Green
North,Rare,Good,Low,Moist,No,Yes,Yellow
South,Daily,Good,Bright,Moist,No,No,Green
North,Weekly,Good,Low,Moist,No,No,Green
North,Weekly,Poor,Low,Moist,No,No,Green
North,Daily,Poor,Low,Soggy,Yes,Yes,Brown
North,Rare,Good,Low,Dry,No,No,Green
North,Weekly,Good,Low,Soggy,No,No,Green
North,Weekly,Poor,Low,Moist,No,No,Green
North,Daily,Good,Low,Moist,No,No,Green
South,Rare,Good,Low,Dry,No,No,Green
South,Weekly,Poor,Bright,Moist,No,No,Green
North,Daily,Good,Bright,Dry,No,No,Green
North,Daily,Good,Low,Moist,No,Yes,Green
East,Daily,Poor,Bright,Soggy,Yes,Yes,Yellow
East,Rare,Poor,Bright,Moist,No,No,Brown
East,Weekly,Good,Bright,Moist,No,Yes,Yellow
East,Weekly,Good,Bright,Moist,No,Yes,Green
East,Weekly,Good,Low,Moist,No,No,Yellow
East,Daily,Poor,Bright,Moist,No,No,Green
East,Weekly,Good,Bright,Moist,No,No,Brown
North,Weekly,Poor,Low,Moist,Yes,No,Brown
North,Weekly,Poor,Low,Soggy,Yes,Yes,Brown
North,Daily,Good,Low,Moist,No,No,Green
East,Weekly,Poor,Low,Moist,No,No,Brown
East,Daily,Good,Low,Soggy,Yes,Yes,Yellow
South,Daily,Good,Bright,Moist,No,No,Green
South,Weekly,Poor,Low,Soggy,Yes,No,Yellow
South,Daily,Good,Low,Soggy,Yes,Yes,Green
North,Rare,Poor,Low,Moist,No,No,Yellow
North,Weekly,Poor,Low,Soggy,No,Yes,Green
South,Rare,Good,Bright,Dry,No,No,Green
South,Weekly,Poor,Bright,Soggy,No,Yes,Green
North,Weekly,Poor,Low,Moist,No,No,Green
North,Weekly,Poor,Low,Moist,No,Yes,Brown
North,Daily,Poor,Low,Moist,No,No,Green
North,Daily,Good,Low,Moist,No,No,Yellow
East,Weekly,Good,Bright,Moist,No,No,Yellow
East,Weekly,Good,Bright,Moist,No,No,Green
East,Daily,Poor,Low,Soggy,Yes,No,Brown
South,Rare,Good,Bright,Dry,No,No,Green
North,Daily,Poor,Low,Moist,No,No,Yellow
North,Rare,Good,Low,Dry,No,No,Green
South,Weekly,Good,Low,Soggy,No,Yes,Green
East,Rare,Good,Low,Dry,No,No,Green
East,Weekly,Good,Bright,Moist,No,Yes,Green
East,Daily,Good,Low,Moist,No,No,Yellow
East,Daily,Poor,Bright,Soggy,Yes,Yes,Yellow
East,Weekly,Poor,Bright,Moist,No,No,Green
South,Rare,Good,Bright,Dry,No,No,Green
East,Weekly,Good,Bright,Dry,No,No,Green
East,Daily,Good,Low,Moist,No,No,Yellow
East,Rare,Good,Low,Dry,No,No,Yellow
North,Daily,Good,Low,Moist,No,No,Green
South,Weekly,Poor,Bright,Moist,No,No,Green
North,Rare,Good,Low,Dry,No,No,Green
North,Daily,Poor,Low,Soggy,Yes,Yes,Yellow
North,Rare,Poor,Low,Dry,No,No,Green
East,Daily,Good,Bright,Moist,No,No,Yellow
South,Weekly,Good,Bright,Moist,No,No,Green
North,Daily,Poor,Low,Soggy,No,Yes,Brown
East,Weekly,Poor,Bright,Moist,No,No,Green
East,Daily,Good,Low,Moist,No,Yes,Yellow
East,Weekly,Good,Bright,Moist,No,No,Green
South,Daily,Poor,Bright,Soggy,Yes,Yes,Yellow
East,Weekly,Poor,Low,Soggy,No,Yes,Green
North,Weekly,Good,Low,Moist,No,No,Yellow
South,Rare,Poor,Bright,Dry,No,Yes,Green
East,Rare,Good,Low,Dry,No,No,Brown
South,Daily,Good,Bright,Moist,No,No,Brown
North,Daily,Poor,Low,Moist,No,No,Green
South,Rare,Good,Bright,Dry,No,No,Green
East,Weekly,Good,Low,Moist,No,No,Green
East,Weekly,Good,Low,Moist,No,Yes,Green
East,Rare,Good,Low,Dry,No,Yes,Green
South,Rare,Good,Low,Dry,No,No,Yellow
South,Daily,Good,Bright,Soggy,No,Yes,Green
East,Daily,Good,Bright,Dry,No,No,Green
North,Daily,Good,Bright,Moist,No,No,Yellow
North,Weekly,Good,Low,Moist,No,No,Green
East,Daily,Good,Bright,Dry,No,No,Green
North,Daily,Good,Low,Moist,No,No,Green
North,Daily,Good,Low,Moist,No,No,Yellow
East,Weekly,Good,Bright,Moist,No,No,Green
South,Weekly,Good,Bright,Moist,No,No,Brown
South,Weekly,Good,Bright,Moist,No,Yes,Green
North,Daily,Good,Low,Moist,No,Yes,Green
North,Weekly,Good,Low,Moist,No,Yes,Yellow
North,Weekly,Poor,Low,Moist,No,Yes,Green
East,Rare,Good,Low,Dry,No,No,Green
North,Weekly,Good,Low,Soggy,No,Yes,Green
North,Rare,Poor,Low,Dry,No,No,Yellow
North,Weekly,Good,Low,Dry,No,No,Yellow
South,Weekly,Good,Bright,Moist,No,No,Green
South,Rare,Poor,Bright,Moist,No,No,Green
North,Rare,Good,Low,Dry,No,No,Green
East,Weekly,Good,Low,Dry,No,No,Green
South,Rare,Good,Low,Dry,Yes,No,Brown
South,Weekly,Good,Bright,Moist,No,No,Green
North,Weekly,Good,Bright,Moist,No,No,Green
North,Daily,Poor,Low,Soggy,Yes,Yes,Green
South,Weekly,Poor,Low,Soggy,Yes,Yes,Brown
East,Daily,Good,Bright,Soggy,Yes,Yes,Yellow
North,Daily,Good,Low,Moist,No,No,Green
South,Weekly,Poor,Bright,Soggy,No,Yes,Green
East,Weekly,Good,Bright,Dry,No,No,Green
East,Rare,Good,Bright,Dry,No,No,Green
East,Weekly,Poor,Bright,Moist,No,Yes,Green
North,Rare,Poor,Low,Dry,No,No,Brown
South,Weekly,Poor,Bright,Moist,No,Yes,Green
South,Rare,Poor,Bright,Dry,Yes,No,Brown
North,Weekly,Poor,Low,Soggy,Yes,Yes,Yellow
South,Weekly,Poor,Bright,Moist,No,No,Green
East,Weekly,Good,Bright,Moist,No,No,Green
North,Daily,Poor,Low,Soggy,Yes,No,Yellow
East,Weekly,Good,Bright,Dry,No,No,Yellow
North,Weekly,Good,Low,Moist,No,No,Green
North,Weekly,Good,Low,Moist,No,No,Green
North,Weekly,Poor,Low,Moist,No,No,Green
East,Weekly,Good,Bright,Moist,No,No,Yellow
East,Weekly,Poor,Bright,Moist,No,Yes,Green
North,Weekly,Poor,Low,Dry,No,No,Green
North,Rare,Good,Low,Dry,No,No,Green
North,Daily,Good,Bright,Moist,No,No,Green
North,Daily,Good,Low,Soggy,Yes,Yes,Brown
South,Weekly,Good,Bright,Moist,No,No,Yellow
South,Weekly,Poor,Bright,Soggy,No,Yes,Green
South,Rare,Good,Bright,Dry,No,Yes,Green
South,Weekly,Good,Bright,Dry,No,Yes,Green
East,Daily,Good,Bright,Moist,No,Yes,Green
East,Daily,Poor,Low,Soggy,Yes,Yes,Brown
East,Rare,Poor,Bright,Dry,No,No,Green
East,Daily,Good,Low,Dry,No,No,Green
North,Rare,Good,Low,Dry,No,No,Yellow
North,Daily,Good,Low,Moist,No,No,Green
South,Rare,Good,Bright,Dry,No,No,Green
South,Daily,Good,Low,Soggy,Yes,Yes,Brown
North,Daily,Poor,Bright,Soggy,Yes,Yes,Brown
North,Rare,Good,Bright,Dry,No,No,Green
East,Rare,Good,Bright,Dry,No,No,Green
South,Weekly,Good,Bright,Moist,No,No,Green
North,Weekly,Good,Low,Moist,No,Yes,Green
East,Daily,Good,Bright,Soggy,No,No,Green
North,Weekly,Good,Low,Moist,No,No,Green
North,Rare,Poor,Low,Dry,No,No,Yellow
East,Daily,Poor,Bright,Soggy,No,Yes,Green
North,Weekly,Poor,Low,Soggy,No,Yes,Brown
East,Weekly,Good,Bright,Moist,No,No,Green
North,Weekly,Good,Low,Moist,No,Yes,Yellow
East,Daily,Good,Bright,Soggy,Yes,Yes,Brown
East,Weekly,Good,Low,Moist,No,No,Green
South,Weekly,Good,Bright,Moist,No,No,Brown
East,Daily,Poor,Bright,Soggy,No,No,Green
North,Weekly,Good,Low,Dry,No,No,Green
South,Rare,Good,Bright,Dry,No,No,Green
